chain,residue,color,label,representation,notes
A,1,#e8e8e8,1_HA1,,HA1 site 1; not in a defined antigenic site
A,2,#e8e8e8,2_HA1,,HA1 site 2; not in a defined antigenic site
A,3,#e8e8e8,3_HA1,,HA1 site 3; not in a defined antigenic site
A,4,#e8e8e8,4_HA1,,HA1 site 4; not in a defined antigenic site
A,5,#e8e8e8,5_HA1,,HA1 site 5; not in a defined antigenic site
A,6,#e8e8e8,6_HA1,,HA1 site 6; not in a defined antigenic site
A,7,#e8e8e8,7_HA1,,HA1 site 7; not in a defined antigenic site
A,8,#e8e8e8,8_HA1,,HA1 site 8; not in a defined antigenic site
A,9,#e8e8e8,9_HA1,,HA1 site 9; not in a defined antigenic site
A,10,#e8e8e8,10_HA1,,HA1 site 10; not in a defined antigenic site
A,11,#e8e8e8,11_HA1,,HA1 site 11; not in a defined antigenic site
A,12,#e8e8e8,12_HA1,,HA1 site 12; not in a defined antigenic site
A,13,#e8e8e8,13_HA1,,HA1 site 13; not in a defined antigenic site
A,14,#e8e8e8,14_HA1,,HA1 site 14; not in a defined antigenic site
A,15,#e8e8e8,15_HA1,,HA1 site 15; not in a defined antigenic site
A,16,#e8e8e8,16_HA1,,HA1 site 16; not in a defined antigenic site
A,17,#e8e8e8,17_HA1,,HA1 site 17; not in a defined antigenic site
A,18,#e8e8e8,18_HA1,,HA1 site 18; not in a defined antigenic site
A,19,#e8e8e8,19_HA1,,HA1 site 19; not in a defined antigenic site
A,20,#e8e8e8,20_HA1,,HA1 site 20; not in a defined antigenic site
A,21,#e8e8e8,21_HA1,,HA1 site 21; not in a defined antigenic site
A,22,#e8e8e8,22_HA1,,HA1 site 22; not in a defined antigenic site
A,23,#e8e8e8,23_HA1,,HA1 site 23; not in a defined antigenic site
A,24,#e8e8e8,24_HA1,,HA1 site 24; not in a defined antigenic site
A,25,#e8e8e8,25_HA1,,HA1 site 25; not in a defined antigenic site
A,26,#e8e8e8,26_HA1,,HA1 site 26; not in a defined antigenic site
A,27,#e8e8e8,27_HA1,,HA1 site 27; not in a defined antigenic site
A,28,#e8e8e8,28_HA1,,HA1 site 28; not in a defined antigenic site
A,29,#e8e8e8,29_HA1,,HA1 site 29; not in a defined antigenic site
A,30,#e8e8e8,30_HA1,,HA1 site 30; not in a defined antigenic site
A,31,#e8e8e8,31_HA1,,HA1 site 31; not in a defined antigenic site
A,32,#e8e8e8,32_HA1,,HA1 site 32; not in a defined antigenic site
A,33,#e8e8e8,33_HA1,,HA1 site 33; not in a defined antigenic site
A,34,#e8e8e8,34_HA1,,HA1 site 34; not in a defined antigenic site
A,35,#e8e8e8,35_HA1,,HA1 site 35; not in a defined antigenic site
A,36,#e8e8e8,36_HA1,,HA1 site 36; not in a defined antigenic site
A,37,#e8e8e8,37_HA1,,HA1 site 37; not in a defined antigenic site
A,38,#e8e8e8,38_HA1,,HA1 site 38; not in a defined antigenic site
A,39,#e8e8e8,39_HA1,,HA1 site 39; not in a defined antigenic site
A,40,#e8e8e8,40_HA1,,HA1 site 40; not in a defined antigenic site
A,41,#e8e8e8,41_HA1,,HA1 site 41; not in a defined antigenic site
A,42,#e8e8e8,42_HA1,,HA1 site 42; not in a defined antigenic site
A,43,#e8e8e8,43_HA1,,HA1 site 43; not in a defined antigenic site
A,44,#e8e8e8,44_HA1,,HA1 site 44; not in a defined antigenic site
A,45,#e8e8e8,45_HA1,,HA1 site 45; not in a defined antigenic site
A,46,#e8e8e8,46_HA1,,HA1 site 46; not in a defined antigenic site
A,47,#e8e8e8,47_HA1,,HA1 site 47; not in a defined antigenic site
A,48,#e8e8e8,48_HA1,,HA1 site 48; not in a defined antigenic site
A,49,#e8e8e8,49_HA1,,HA1 site 49; not in a defined antigenic site
A,50,#e8e8e8,50_HA1,,HA1 site 50; not in a defined antigenic site
A,51,#e8e8e8,51_HA1,,HA1 site 51; not in a defined antigenic site
A,52,#e8e8e8,52_HA1,,HA1 site 52; not in a defined antigenic site
A,53,#e8e8e8,53_HA1,,HA1 site 53; not in a defined antigenic site
A,54,#e8e8e8,54_HA1,,HA1 site 54; not in a defined antigenic site
A,55,#e8e8e8,55_HA1,,HA1 site 55; not in a defined antigenic site
A,56,#e8e8e8,56_HA1,,HA1 site 56; not in a defined antigenic site
A,57,#e8e8e8,57_HA1,,HA1 site 57; not in a defined antigenic site
A,58,#e8e8e8,58_HA1,,HA1 site 58; not in a defined antigenic site
A,59,#e8e8e8,59_HA1,,HA1 site 59; not in a defined antigenic site
A,60,#e8e8e8,60_HA1,,HA1 site 60; not in a defined antigenic site
A,61,#e8e8e8,61_HA1,,HA1 site 61; not in a defined antigenic site
A,62,#e8e8e8,62_HA1,,HA1 site 62; not in a defined antigenic site
A,63,#e8e8e8,63_HA1,,HA1 site 63; not in a defined antigenic site
A,64,#e8e8e8,64_HA1,,HA1 site 64; not in a defined antigenic site
A,65,#e8e8e8,65_HA1,,HA1 site 65; not in a defined antigenic site
A,66,#e8e8e8,66_HA1,,HA1 site 66; not in a defined antigenic site
A,67,#e8e8e8,67_HA1,,HA1 site 67; not in a defined antigenic site
A,68,#e8e8e8,68_HA1,,HA1 site 68; not in a defined antigenic site
A,69,#e8e8e8,69_HA1,,HA1 site 69; not in a defined antigenic site
A,70,#44AA99,70_HA1,,HA1 site 70; antigenic site Cb of Wilson et al. 2015 Virology 485:252-62
A,71,#44AA99,71_HA1,,HA1 site 71; antigenic site Cb of Wilson et al. 2015 Virology 485:252-62
A,72,#44AA99,72_HA1,,HA1 site 72; antigenic site Cb of Wilson et al. 2015 Virology 485:252-62
A,73,#44AA99,73_HA1,,HA1 site 73; antigenic site Cb of Wilson et al. 2015 Virology 485:252-62
A,74,#44AA99,74_HA1,,HA1 site 74; antigenic site Cb of Wilson et al. 2015 Virology 485:252-62
A,75,#44AA99,75_HA1,,HA1 site 75; antigenic site Cb of Wilson et al. 2015 Virology 485:252-62
A,76,#e8e8e8,76_HA1,,HA1 site 76; not in a defined antigenic site
A,77,#e8e8e8,77_HA1,,HA1 site 77; not in a defined antigenic site
A,78,#e8e8e8,78_HA1,,HA1 site 78; not in a defined antigenic site
A,79,#e8e8e8,79_HA1,,HA1 site 79; not in a defined antigenic site
A,80,#e8e8e8,80_HA1,,HA1 site 80; not in a defined antigenic site
A,81,#e8e8e8,81_HA1,,HA1 site 81; not in a defined antigenic site
A,82,#e8e8e8,82_HA1,,HA1 site 82; not in a defined antigenic site
A,83,#e8e8e8,83_HA1,,HA1 site 83; not in a defined antigenic site
A,84,#e8e8e8,84_HA1,,HA1 site 84; not in a defined antigenic site
A,85,#e8e8e8,85_HA1,,HA1 site 85; not in a defined antigenic site
A,86,#e8e8e8,86_HA1,,HA1 site 86; not in a defined antigenic site
A,87,#e8e8e8,87_HA1,,HA1 site 87; not in a defined antigenic site
A,88,#e8e8e8,88_HA1,,HA1 site 88; not in a defined antigenic site
A,89,#e8e8e8,89_HA1,,HA1 site 89; not in a defined antigenic site
A,90,#e8e8e8,90_HA1,,HA1 site 90; not in a defined antigenic site
A,91,#e8e8e8,91_HA1,,HA1 site 91; not in a defined antigenic site
A,92,#e8e8e8,92_HA1,,HA1 site 92; not in a defined antigenic site
A,93,#e8e8e8,93_HA1,,HA1 site 93; not in a defined antigenic site
A,94,#e8e8e8,94_HA1,,HA1 site 94; not in a defined antigenic site
A,95,#e8e8e8,95_HA1,,HA1 site 95; not in a defined antigenic site
A,96,#e8e8e8,96_HA1,,HA1 site 96; not in a defined antigenic site
A,97,#e8e8e8,97_HA1,,HA1 site 97; not in a defined antigenic site
A,98,#e8e8e8,98_HA1,,HA1 site 98; not in a defined antigenic site
A,99,#e8e8e8,99_HA1,,HA1 site 99; not in a defined antigenic site
A,100,#e8e8e8,100_HA1,,HA1 site 100; not in a defined antigenic site
A,101,#e8e8e8,101_HA1,,HA1 site 101; not in a defined antigenic site
A,102,#e8e8e8,102_HA1,,HA1 site 102; not in a defined antigenic site
A,103,#e8e8e8,103_HA1,,HA1 site 103; not in a defined antigenic site
A,104,#e8e8e8,104_HA1,,HA1 site 104; not in a defined antigenic site
A,105,#e8e8e8,105_HA1,,HA1 site 105; not in a defined antigenic site
A,106,#e8e8e8,106_HA1,,HA1 site 106; not in a defined antigenic site
A,107,#e8e8e8,107_HA1,,HA1 site 107; not in a defined antigenic site
A,108,#e8e8e8,108_HA1,,HA1 site 108; not in a defined antigenic site
A,109,#e8e8e8,109_HA1,,HA1 site 109; not in a defined antigenic site
A,110,#e8e8e8,110_HA1,,HA1 site 110; not in a defined antigenic site
A,111,#e8e8e8,111_HA1,,HA1 site 111; not in a defined antigenic site
A,112,#e8e8e8,112_HA1,,HA1 site 112; not in a defined antigenic site
A,113,#e8e8e8,113_HA1,,HA1 site 113; not in a defined antigenic site
A,114,#e8e8e8,114_HA1,,HA1 site 114; not in a defined antigenic site
A,115,#e8e8e8,115_HA1,,HA1 site 115; not in a defined antigenic site
A,116,#e8e8e8,116_HA1,,HA1 site 116; not in a defined antigenic site
A,117,#e8e8e8,117_HA1,,HA1 site 117; not in a defined antigenic site
A,118,#e8e8e8,118_HA1,,HA1 site 118; not in a defined antigenic site
A,119,#e8e8e8,119_HA1,,HA1 site 119; not in a defined antigenic site
A,120,#e8e8e8,120_HA1,,HA1 site 120; not in a defined antigenic site
A,121,#e8e8e8,121_HA1,,HA1 site 121; not in a defined antigenic site
A,122,#e8e8e8,122_HA1,,HA1 site 122; not in a defined antigenic site
A,123,#e8e8e8,123_HA1,,HA1 site 123; not in a defined antigenic site
A,124,#332288,124_HA1,,HA1 site 124; antigenic site Sa of Wilson et al. 2015 Virology 485:252-62
A,125,#332288,125_HA1,,HA1 site 125; antigenic site Sa of Wilson et al. 2015 Virology 485:252-62
A,126,#e8e8e8,126_HA1,,HA1 site 126; not in a defined antigenic site
A,127,#e8e8e8,127_HA1,,HA1 site 127; not in a defined antigenic site
A,128,#e8e8e8,128_HA1,,HA1 site 128; not in a defined antigenic site
A,129,#e8e8e8,129_HA1,,HA1 site 129; not in a defined antigenic site
A,130,#e8e8e8,130_HA1,,HA1 site 130; not in a defined antigenic site
A,131,#e8e8e8,131_HA1,,HA1 site 131; not in a defined antigenic site
A,132,#e8e8e8,132_HA1,,HA1 site 132; not in a defined antigenic site
A,133,#e8e8e8,133_HA1,,HA1 site 133; not in a defined antigenic site
A,134,#e8e8e8,134_HA1,,HA1 site 134; not in a defined antigenic site
A,135,#e8e8e8,135_HA1,,HA1 site 135; not in a defined antigenic site
A,136,#e8e8e8,136_HA1,,HA1 site 136; not in a defined antigenic site
A,137,#AA4499,137_HA1,,HA1 site 137; antigenic site Ca2 of Wilson et al. 2015 Virology 485:252-62
A,138,#AA4499,138_HA1,,HA1 site 138; antigenic site Ca2 of Wilson et al. 2015 Virology 485:252-62
A,139,#AA4499,139_HA1,,HA1 site 139; antigenic site Ca2 of Wilson et al. 2015 Virology 485:252-62
A,140,#AA4499,140_HA1,,HA1 site 140; antigenic site Ca2 of Wilson et al. 2015 Virology 485:252-62
A,141,#AA4499,141_HA1,,HA1 site 141; antigenic site Ca2 of Wilson et al. 2015 Virology 485:252-62
A,142,#AA4499,142_HA1,,HA1 site 142; antigenic site Ca2 of Wilson et al. 2015 Virology 485:252-62
A,143,#e8e8e8,143_HA1,,HA1 site 143; not in a defined antigenic site
A,144,#e8e8e8,144_HA1,,HA1 site 144; not in a defined antigenic site
A,145,#e8e8e8,145_HA1,,HA1 site 145; not in a defined antigenic site
A,146,#e8e8e8,146_HA1,,HA1 site 146; not in a defined antigenic site
A,147,#e8e8e8,147_HA1,,HA1 site 147; not in a defined antigenic site
A,148,#e8e8e8,148_HA1,,HA1 site 148; not in a defined antigenic site
A,149,#e8e8e8,149_HA1,,HA1 site 149; not in a defined antigenic site
A,150,#e8e8e8,150_HA1,,HA1 site 150; not in a defined antigenic site
A,151,#e8e8e8,151_HA1,,HA1 site 151; not in a defined antigenic site
A,152,#e8e8e8,152_HA1,,HA1 site 152; not in a defined antigenic site
A,153,#332288,153_HA1,,HA1 site 153; antigenic site Sa of Wilson et al. 2015 Virology 485:252-62
A,154,#332288,154_HA1,,HA1 site 154; antigenic site Sa of Wilson et al. 2015 Virology 485:252-62
A,155,#332288,155_HA1,,HA1 site 155; antigenic site Sa of Wilson et al. 2015 Virology 485:252-62
A,156,#332288,156_HA1,,HA1 site 156; antigenic site Sa of Wilson et al. 2015 Virology 485:252-62
A,157,#332288,157_HA1,,HA1 site 157; antigenic site Sa of Wilson et al. 2015 Virology 485:252-62
A,158,#e8e8e8,158_HA1,,HA1 site 158; not in a defined antigenic site
A,159,#332288,159_HA1,,HA1 site 159; antigenic site Sa of Wilson et al. 2015 Virology 485:252-62
A,160,#332288,160_HA1,,HA1 site 160; antigenic site Sa of Wilson et al. 2015 Virology 485:252-62
A,161,#332288,161_HA1,,HA1 site 161; antigenic site Sa of Wilson et al. 2015 Virology 485:252-62
A,162,#332288,162_HA1,,HA1 site 162; antigenic site Sa of Wilson et al. 2015 Virology 485:252-62
A,163,#332288,163_HA1,,HA1 site 163; antigenic site Sa of Wilson et al. 2015 Virology 485:252-62
A,164,#332288,164_HA1,,HA1 site 164; antigenic site Sa of Wilson et al. 2015 Virology 485:252-62
A,165,#e8e8e8,165_HA1,,HA1 site 165; not in a defined antigenic site
A,166,#117733,166_HA1,,HA1 site 166; antigenic site Ca1 of Wilson et al. 2015 Virology 485:252-62
A,167,#117733,167_HA1,,HA1 site 167; antigenic site Ca1 of Wilson et al. 2015 Virology 485:252-62
A,168,#117733,168_HA1,,HA1 site 168; antigenic site Ca1 of Wilson et al. 2015 Virology 485:252-62
A,169,#117733,169_HA1,,HA1 site 169; antigenic site Ca1 of Wilson et al. 2015 Virology 485:252-62
A,170,#117733,170_HA1,,HA1 site 170; antigenic site Ca1 of Wilson et al. 2015 Virology 485:252-62
A,171,#e8e8e8,171_HA1,,HA1 site 171; not in a defined antigenic site
A,172,#e8e8e8,172_HA1,,HA1 site 172; not in a defined antigenic site
A,173,#e8e8e8,173_HA1,,HA1 site 173; not in a defined antigenic site
A,174,#e8e8e8,174_HA1,,HA1 site 174; not in a defined antigenic site
A,175,#e8e8e8,175_HA1,,HA1 site 175; not in a defined antigenic site
A,176,#e8e8e8,176_HA1,,HA1 site 176; not in a defined antigenic site
A,177,#e8e8e8,177_HA1,,HA1 site 177; not in a defined antigenic site
A,178,#e8e8e8,178_HA1,,HA1 site 178; not in a defined antigenic site
A,179,#e8e8e8,179_HA1,,HA1 site 179; not in a defined antigenic site
A,180,#e8e8e8,180_HA1,,HA1 site 180; not in a defined antigenic site
A,181,#e8e8e8,181_HA1,,HA1 site 181; not in a defined antigenic site
A,182,#e8e8e8,182_HA1,,HA1 site 182; not in a defined antigenic site
A,183,#e8e8e8,183_HA1,,HA1 site 183; not in a defined antigenic site
A,184,#88CCEE,184_HA1,,HA1 site 184; antigenic site Sb of Wilson et al. 2015 Virology 485:252-62
A,185,#88CCEE,185_HA1,,HA1 site 185; antigenic site Sb of Wilson et al. 2015 Virology 485:252-62
A,186,#88CCEE,186_HA1,,HA1 site 186; antigenic site Sb of Wilson et al. 2015 Virology 485:252-62
A,187,#88CCEE,187_HA1,,HA1 site 187; antigenic site Sb of Wilson et al. 2015 Virology 485:252-62
A,188,#88CCEE,188_HA1,,HA1 site 188; antigenic site Sb of Wilson et al. 2015 Virology 485:252-62
A,189,#88CCEE,189_HA1,,HA1 site 189; antigenic site Sb of Wilson et al. 2015 Virology 485:252-62
A,190,#88CCEE,190_HA1,,HA1 site 190; antigenic site Sb of Wilson et al. 2015 Virology 485:252-62
A,191,#88CCEE,191_HA1,,HA1 site 191; antigenic site Sb of Wilson et al. 2015 Virology 485:252-62
A,192,#88CCEE,192_HA1,,HA1 site 192; antigenic site Sb of Wilson et al. 2015 Virology 485:252-62
A,193,#88CCEE,193_HA1,,HA1 site 193; antigenic site Sb of Wilson et al. 2015 Virology 485:252-62
A,194,#88CCEE,194_HA1,,HA1 site 194; antigenic site Sb of Wilson et al. 2015 Virology 485:252-62
A,195,#88CCEE,195_HA1,,HA1 site 195; antigenic site Sb of Wilson et al. 2015 Virology 485:252-62
A,196,#e8e8e8,196_HA1,,HA1 site 196; not in a defined antigenic site
A,197,#e8e8e8,197_HA1,,HA1 site 197; not in a defined antigenic site
A,198,#e8e8e8,198_HA1,,HA1 site 198; not in a defined antigenic site
A,199,#e8e8e8,199_HA1,,HA1 site 199; not in a defined antigenic site
A,200,#e8e8e8,200_HA1,,HA1 site 200; not in a defined antigenic site
A,201,#e8e8e8,201_HA1,,HA1 site 201; not in a defined antigenic site
A,202,#e8e8e8,202_HA1,,HA1 site 202; not in a defined antigenic site
A,203,#117733,203_HA1,,HA1 site 203; antigenic site Ca1 of Wilson et al. 2015 Virology 485:252-62
A,204,#117733,204_HA1,,HA1 site 204; antigenic site Ca1 of Wilson et al. 2015 Virology 485:252-62
A,205,#117733,205_HA1,,HA1 site 205; antigenic site Ca1 of Wilson et al. 2015 Virology 485:252-62
A,206,#e8e8e8,206_HA1,,HA1 site 206; not in a defined antigenic site
A,207,#e8e8e8,207_HA1,,HA1 site 207; not in a defined antigenic site
A,208,#e8e8e8,208_HA1,,HA1 site 208; not in a defined antigenic site
A,209,#e8e8e8,209_HA1,,HA1 site 209; not in a defined antigenic site
A,210,#e8e8e8,210_HA1,,HA1 site 210; not in a defined antigenic site
A,211,#e8e8e8,211_HA1,,HA1 site 211; not in a defined antigenic site
A,212,#e8e8e8,212_HA1,,HA1 site 212; not in a defined antigenic site
A,213,#e8e8e8,213_HA1,,HA1 site 213; not in a defined antigenic site
A,214,#e8e8e8,214_HA1,,HA1 site 214; not in a defined antigenic site
A,215,#e8e8e8,215_HA1,,HA1 site 215; not in a defined antigenic site
A,216,#e8e8e8,216_HA1,,HA1 site 216; not in a defined antigenic site
A,217,#e8e8e8,217_HA1,,HA1 site 217; not in a defined antigenic site
A,218,#e8e8e8,218_HA1,,HA1 site 218; not in a defined antigenic site
A,219,#e8e8e8,219_HA1,,HA1 site 219; not in a defined antigenic site
A,220,#e8e8e8,220_HA1,,HA1 site 220; not in a defined antigenic site
A,221,#AA4499,221_HA1,,HA1 site 221; antigenic site Ca2 of Wilson et al. 2015 Virology 485:252-62
A,222,#AA4499,222_HA1,,HA1 site 222; antigenic site Ca2 of Wilson et al. 2015 Virology 485:252-62
A,223,#e8e8e8,223_HA1,,HA1 site 223; not in a defined antigenic site
A,224,#e8e8e8,224_HA1,,HA1 site 224; not in a defined antigenic site
A,225,#e8e8e8,225_HA1,,HA1 site 225; not in a defined antigenic site
A,226,#e8e8e8,226_HA1,,HA1 site 226; not in a defined antigenic site
A,227,#e8e8e8,227_HA1,,HA1 site 227; not in a defined antigenic site
A,228,#e8e8e8,228_HA1,,HA1 site 228; not in a defined antigenic site
A,229,#e8e8e8,229_HA1,,HA1 site 229; not in a defined antigenic site
A,230,#e8e8e8,230_HA1,,HA1 site 230; not in a defined antigenic site
A,231,#e8e8e8,231_HA1,,HA1 site 231; not in a defined antigenic site
A,232,#e8e8e8,232_HA1,,HA1 site 232; not in a defined antigenic site
A,233,#e8e8e8,233_HA1,,HA1 site 233; not in a defined antigenic site
A,234,#e8e8e8,234_HA1,,HA1 site 234; not in a defined antigenic site
A,235,#117733,235_HA1,,HA1 site 235; antigenic site Ca1 of Wilson et al. 2015 Virology 485:252-62
A,236,#117733,236_HA1,,HA1 site 236; antigenic site Ca1 of Wilson et al. 2015 Virology 485:252-62
A,237,#117733,237_HA1,,HA1 site 237; antigenic site Ca1 of Wilson et al. 2015 Virology 485:252-62
A,238,#e8e8e8,238_HA1,,HA1 site 238; not in a defined antigenic site
A,239,#e8e8e8,239_HA1,,HA1 site 239; not in a defined antigenic site
A,240,#e8e8e8,240_HA1,,HA1 site 240; not in a defined antigenic site
A,241,#e8e8e8,241_HA1,,HA1 site 241; not in a defined antigenic site
A,242,#e8e8e8,242_HA1,,HA1 site 242; not in a defined antigenic site
A,243,#e8e8e8,243_HA1,,HA1 site 243; not in a defined antigenic site
A,244,#e8e8e8,244_HA1,,HA1 site 244; not in a defined antigenic site
A,245,#e8e8e8,245_HA1,,HA1 site 245; not in a defined antigenic site
A,246,#e8e8e8,246_HA1,,HA1 site 246; not in a defined antigenic site
A,247,#e8e8e8,247_HA1,,HA1 site 247; not in a defined antigenic site
A,248,#e8e8e8,248_HA1,,HA1 site 248; not in a defined antigenic site
A,249,#e8e8e8,249_HA1,,HA1 site 249; not in a defined antigenic site
A,250,#e8e8e8,250_HA1,,HA1 site 250; not in a defined antigenic site
A,251,#e8e8e8,251_HA1,,HA1 site 251; not in a defined antigenic site
A,252,#e8e8e8,252_HA1,,HA1 site 252; not in a defined antigenic site
A,253,#e8e8e8,253_HA1,,HA1 site 253; not in a defined antigenic site
A,254,#e8e8e8,254_HA1,,HA1 site 254; not in a defined antigenic site
A,255,#e8e8e8,255_HA1,,HA1 site 255; not in a defined antigenic site
A,256,#e8e8e8,256_HA1,,HA1 site 256; not in a defined antigenic site
A,257,#e8e8e8,257_HA1,,HA1 site 257; not in a defined antigenic site
A,258,#e8e8e8,258_HA1,,HA1 site 258; not in a defined antigenic site
A,259,#e8e8e8,259_HA1,,HA1 site 259; not in a defined antigenic site
A,260,#e8e8e8,260_HA1,,HA1 site 260; not in a defined antigenic site
A,261,#e8e8e8,261_HA1,,HA1 site 261; not in a defined antigenic site
A,262,#e8e8e8,262_HA1,,HA1 site 262; not in a defined antigenic site
A,263,#e8e8e8,263_HA1,,HA1 site 263; not in a defined antigenic site
A,264,#e8e8e8,264_HA1,,HA1 site 264; not in a defined antigenic site
A,265,#e8e8e8,265_HA1,,HA1 site 265; not in a defined antigenic site
A,266,#e8e8e8,266_HA1,,HA1 site 266; not in a defined antigenic site
A,267,#e8e8e8,267_HA1,,HA1 site 267; not in a defined antigenic site
A,268,#e8e8e8,268_HA1,,HA1 site 268; not in a defined antigenic site
A,269,#e8e8e8,269_HA1,,HA1 site 269; not in a defined antigenic site
A,270,#e8e8e8,270_HA1,,HA1 site 270; not in a defined antigenic site
A,271,#e8e8e8,271_HA1,,HA1 site 271; not in a defined antigenic site
A,272,#e8e8e8,272_HA1,,HA1 site 272; not in a defined antigenic site
A,273,#e8e8e8,273_HA1,,HA1 site 273; not in a defined antigenic site
A,274,#e8e8e8,274_HA1,,HA1 site 274; not in a defined antigenic site
A,275,#e8e8e8,275_HA1,,HA1 site 275; not in a defined antigenic site
A,276,#e8e8e8,276_HA1,,HA1 site 276; not in a defined antigenic site
A,277,#e8e8e8,277_HA1,,HA1 site 277; not in a defined antigenic site
A,278,#e8e8e8,278_HA1,,HA1 site 278; not in a defined antigenic site
A,279,#e8e8e8,279_HA1,,HA1 site 279; not in a defined antigenic site
A,280,#e8e8e8,280_HA1,,HA1 site 280; not in a defined antigenic site
A,281,#e8e8e8,281_HA1,,HA1 site 281; not in a defined antigenic site
A,282,#e8e8e8,282_HA1,,HA1 site 282; not in a defined antigenic site
A,283,#e8e8e8,283_HA1,,HA1 site 283; not in a defined antigenic site
A,284,#e8e8e8,284_HA1,,HA1 site 284; not in a defined antigenic site
A,285,#e8e8e8,285_HA1,,HA1 site 285; not in a defined antigenic site
A,286,#e8e8e8,286_HA1,,HA1 site 286; not in a defined antigenic site
A,287,#e8e8e8,287_HA1,,HA1 site 287; not in a defined antigenic site
A,288,#e8e8e8,288_HA1,,HA1 site 288; not in a defined antigenic site
A,289,#e8e8e8,289_HA1,,HA1 site 289; not in a defined antigenic site
A,290,#e8e8e8,290_HA1,,HA1 site 290; not in a defined antigenic site
A,291,#e8e8e8,291_HA1,,HA1 site 291; not in a defined antigenic site
A,292,#e8e8e8,292_HA1,,HA1 site 292; not in a defined antigenic site
A,293,#e8e8e8,293_HA1,,HA1 site 293; not in a defined antigenic site
A,294,#e8e8e8,294_HA1,,HA1 site 294; not in a defined antigenic site
A,295,#e8e8e8,295_HA1,,HA1 site 295; not in a defined antigenic site
A,296,#e8e8e8,296_HA1,,HA1 site 296; not in a defined antigenic site
A,297,#e8e8e8,297_HA1,,HA1 site 297; not in a defined antigenic site
A,298,#e8e8e8,298_HA1,,HA1 site 298; not in a defined antigenic site
A,299,#e8e8e8,299_HA1,,HA1 site 299; not in a defined antigenic site
A,300,#e8e8e8,300_HA1,,HA1 site 300; not in a defined antigenic site
A,301,#e8e8e8,301_HA1,,HA1 site 301; not in a defined antigenic site
A,302,#e8e8e8,302_HA1,,HA1 site 302; not in a defined antigenic site
A,303,#e8e8e8,303_HA1,,HA1 site 303; not in a defined antigenic site
A,304,#e8e8e8,304_HA1,,HA1 site 304; not in a defined antigenic site
A,305,#e8e8e8,305_HA1,,HA1 site 305; not in a defined antigenic site
A,306,#e8e8e8,306_HA1,,HA1 site 306; not in a defined antigenic site
A,307,#e8e8e8,307_HA1,,HA1 site 307; not in a defined antigenic site
A,308,#e8e8e8,308_HA1,,HA1 site 308; not in a defined antigenic site
A,309,#e8e8e8,309_HA1,,HA1 site 309; not in a defined antigenic site
A,310,#e8e8e8,310_HA1,,HA1 site 310; not in a defined antigenic site
A,311,#e8e8e8,311_HA1,,HA1 site 311; not in a defined antigenic site
A,312,#e8e8e8,312_HA1,,HA1 site 312; not in a defined antigenic site
A,313,#e8e8e8,313_HA1,,HA1 site 313; not in a defined antigenic site
A,314,#e8e8e8,314_HA1,,HA1 site 314; not in a defined antigenic site
A,315,#e8e8e8,315_HA1,,HA1 site 315; not in a defined antigenic site
A,316,#e8e8e8,316_HA1,,HA1 site 316; not in a defined antigenic site
A,317,#e8e8e8,317_HA1,,HA1 site 317; not in a defined antigenic site
A,318,#e8e8e8,318_HA1,,HA1 site 318; not in a defined antigenic site
A,319,#e8e8e8,319_HA1,,HA1 site 319; not in a defined antigenic site
A,320,#e8e8e8,320_HA1,,HA1 site 320; not in a defined antigenic site
A,321,#e8e8e8,321_HA1,,HA1 site 321; not in a defined antigenic site
A,322,#e8e8e8,322_HA1,,HA1 site 322; not in a defined antigenic site
A,323,#e8e8e8,323_HA1,,HA1 site 323; not in a defined antigenic site
A,334,#bdbdbd,7_HA2,,HA2 site 7; not in a defined antigenic site
A,335,#bdbdbd,8_HA2,,HA2 site 8; not in a defined antigenic site
A,336,#bdbdbd,9_HA2,,HA2 site 9; not in a defined antigenic site
A,337,#bdbdbd,10_HA2,,HA2 site 10; not in a defined antigenic site
A,338,#bdbdbd,11_HA2,,HA2 site 11; not in a defined antigenic site
A,339,#bdbdbd,12_HA2,,HA2 site 12; not in a defined antigenic site
A,340,#bdbdbd,13_HA2,,HA2 site 13; not in a defined antigenic site
A,341,#bdbdbd,14_HA2,,HA2 site 14; not in a defined antigenic site
A,342,#bdbdbd,15_HA2,,HA2 site 15; not in a defined antigenic site
A,343,#bdbdbd,16_HA2,,HA2 site 16; not in a defined antigenic site
A,344,#bdbdbd,17_HA2,,HA2 site 17; not in a defined antigenic site
A,345,#bdbdbd,18_HA2,,HA2 site 18; not in a defined antigenic site
A,346,#bdbdbd,19_HA2,,HA2 site 19; not in a defined antigenic site
A,347,#bdbdbd,20_HA2,,HA2 site 20; not in a defined antigenic site
A,348,#bdbdbd,21_HA2,,HA2 site 21; not in a defined antigenic site
A,349,#bdbdbd,22_HA2,,HA2 site 22; not in a defined antigenic site
A,350,#bdbdbd,23_HA2,,HA2 site 23; not in a defined antigenic site
A,351,#bdbdbd,24_HA2,,HA2 site 24; not in a defined antigenic site
A,352,#bdbdbd,25_HA2,,HA2 site 25; not in a defined antigenic site
A,353,#bdbdbd,26_HA2,,HA2 site 26; not in a defined antigenic site
A,354,#bdbdbd,27_HA2,,HA2 site 27; not in a defined antigenic site
A,355,#bdbdbd,28_HA2,,HA2 site 28; not in a defined antigenic site
A,356,#bdbdbd,29_HA2,,HA2 site 29; not in a defined antigenic site
A,357,#bdbdbd,30_HA2,,HA2 site 30; not in a defined antigenic site
A,358,#bdbdbd,31_HA2,,HA2 site 31; not in a defined antigenic site
A,359,#bdbdbd,32_HA2,,HA2 site 32; not in a defined antigenic site
A,360,#bdbdbd,33_HA2,,HA2 site 33; not in a defined antigenic site
A,361,#bdbdbd,34_HA2,,HA2 site 34; not in a defined antigenic site
A,362,#bdbdbd,35_HA2,,HA2 site 35; not in a defined antigenic site
A,363,#bdbdbd,36_HA2,,HA2 site 36; not in a defined antigenic site
A,364,#bdbdbd,37_HA2,,HA2 site 37; not in a defined antigenic site
A,365,#bdbdbd,38_HA2,,HA2 site 38; not in a defined antigenic site
A,366,#bdbdbd,39_HA2,,HA2 site 39; not in a defined antigenic site
A,367,#bdbdbd,40_HA2,,HA2 site 40; not in a defined antigenic site
A,368,#bdbdbd,41_HA2,,HA2 site 41; not in a defined antigenic site
A,369,#bdbdbd,42_HA2,,HA2 site 42; not in a defined antigenic site
A,370,#bdbdbd,43_HA2,,HA2 site 43; not in a defined antigenic site
A,371,#bdbdbd,44_HA2,,HA2 site 44; not in a defined antigenic site
A,372,#bdbdbd,45_HA2,,HA2 site 45; not in a defined antigenic site
A,373,#bdbdbd,46_HA2,,HA2 site 46; not in a defined antigenic site
A,374,#bdbdbd,47_HA2,,HA2 site 47; not in a defined antigenic site
A,375,#bdbdbd,48_HA2,,HA2 site 48; not in a defined antigenic site
A,376,#bdbdbd,49_HA2,,HA2 site 49; not in a defined antigenic site
A,377,#bdbdbd,50_HA2,,HA2 site 50; not in a defined antigenic site
A,378,#bdbdbd,51_HA2,,HA2 site 51; not in a defined antigenic site
A,379,#bdbdbd,52_HA2,,HA2 site 52; not in a defined antigenic site
A,380,#bdbdbd,53_HA2,,HA2 site 53; not in a defined antigenic site
A,381,#bdbdbd,54_HA2,,HA2 site 54; not in a defined antigenic site
A,382,#bdbdbd,55_HA2,,HA2 site 55; not in a defined antigenic site
A,383,#bdbdbd,56_HA2,,HA2 site 56; not in a defined antigenic site
A,384,#bdbdbd,57_HA2,,HA2 site 57; not in a defined antigenic site
A,385,#bdbdbd,58_HA2,,HA2 site 58; not in a defined antigenic site
A,386,#bdbdbd,59_HA2,,HA2 site 59; not in a defined antigenic site
A,387,#bdbdbd,60_HA2,,HA2 site 60; not in a defined antigenic site
A,388,#bdbdbd,61_HA2,,HA2 site 61; not in a defined antigenic site
A,389,#bdbdbd,62_HA2,,HA2 site 62; not in a defined antigenic site
A,390,#bdbdbd,63_HA2,,HA2 site 63; not in a defined antigenic site
A,391,#bdbdbd,64_HA2,,HA2 site 64; not in a defined antigenic site
A,392,#bdbdbd,65_HA2,,HA2 site 65; not in a defined antigenic site
A,393,#bdbdbd,66_HA2,,HA2 site 66; not in a defined antigenic site
A,394,#bdbdbd,67_HA2,,HA2 site 67; not in a defined antigenic site
A,395,#bdbdbd,68_HA2,,HA2 site 68; not in a defined antigenic site
A,396,#bdbdbd,69_HA2,,HA2 site 69; not in a defined antigenic site
A,397,#bdbdbd,70_HA2,,HA2 site 70; not in a defined antigenic site
A,398,#bdbdbd,71_HA2,,HA2 site 71; not in a defined antigenic site
A,399,#bdbdbd,72_HA2,,HA2 site 72; not in a defined antigenic site
A,400,#bdbdbd,73_HA2,,HA2 site 73; not in a defined antigenic site
A,401,#bdbdbd,74_HA2,,HA2 site 74; not in a defined antigenic site
A,402,#bdbdbd,75_HA2,,HA2 site 75; not in a defined antigenic site
A,403,#bdbdbd,76_HA2,,HA2 site 76; not in a defined antigenic site
A,404,#bdbdbd,77_HA2,,HA2 site 77; not in a defined antigenic site
A,405,#bdbdbd,78_HA2,,HA2 site 78; not in a defined antigenic site
A,406,#bdbdbd,79_HA2,,HA2 site 79; not in a defined antigenic site
A,407,#bdbdbd,80_HA2,,HA2 site 80; not in a defined antigenic site
A,408,#bdbdbd,81_HA2,,HA2 site 81; not in a defined antigenic site
A,409,#bdbdbd,82_HA2,,HA2 site 82; not in a defined antigenic site
A,410,#bdbdbd,83_HA2,,HA2 site 83; not in a defined antigenic site
A,411,#bdbdbd,84_HA2,,HA2 site 84; not in a defined antigenic site
A,412,#bdbdbd,85_HA2,,HA2 site 85; not in a defined antigenic site
A,413,#bdbdbd,86_HA2,,HA2 site 86; not in a defined antigenic site
A,414,#bdbdbd,87_HA2,,HA2 site 87; not in a defined antigenic site
A,415,#bdbdbd,88_HA2,,HA2 site 88; not in a defined antigenic site
A,416,#bdbdbd,89_HA2,,HA2 site 89; not in a defined antigenic site
A,417,#bdbdbd,90_HA2,,HA2 site 90; not in a defined antigenic site
A,418,#bdbdbd,91_HA2,,HA2 site 91; not in a defined antigenic site
A,419,#bdbdbd,92_HA2,,HA2 site 92; not in a defined antigenic site
A,420,#bdbdbd,93_HA2,,HA2 site 93; not in a defined antigenic site
A,421,#bdbdbd,94_HA2,,HA2 site 94; not in a defined antigenic site
A,422,#bdbdbd,95_HA2,,HA2 site 95; not in a defined antigenic site
A,423,#bdbdbd,96_HA2,,HA2 site 96; not in a defined antigenic site
A,424,#bdbdbd,97_HA2,,HA2 site 97; not in a defined antigenic site
A,425,#bdbdbd,98_HA2,,HA2 site 98; not in a defined antigenic site
A,426,#bdbdbd,99_HA2,,HA2 site 99; not in a defined antigenic site
A,427,#bdbdbd,100_HA2,,HA2 site 100; not in a defined antigenic site
A,428,#bdbdbd,101_HA2,,HA2 site 101; not in a defined antigenic site
A,429,#bdbdbd,102_HA2,,HA2 site 102; not in a defined antigenic site
A,430,#bdbdbd,103_HA2,,HA2 site 103; not in a defined antigenic site
A,431,#bdbdbd,104_HA2,,HA2 site 104; not in a defined antigenic site
A,432,#bdbdbd,105_HA2,,HA2 site 105; not in a defined antigenic site
A,433,#bdbdbd,106_HA2,,HA2 site 106; not in a defined antigenic site
A,434,#bdbdbd,107_HA2,,HA2 site 107; not in a defined antigenic site
A,435,#bdbdbd,108_HA2,,HA2 site 108; not in a defined antigenic site
A,436,#bdbdbd,109_HA2,,HA2 site 109; not in a defined antigenic site
A,437,#bdbdbd,110_HA2,,HA2 site 110; not in a defined antigenic site
A,438,#bdbdbd,111_HA2,,HA2 site 111; not in a defined antigenic site
A,439,#bdbdbd,112_HA2,,HA2 site 112; not in a defined antigenic site
A,440,#bdbdbd,113_HA2,,HA2 site 113; not in a defined antigenic site
A,441,#bdbdbd,114_HA2,,HA2 site 114; not in a defined antigenic site
A,442,#bdbdbd,115_HA2,,HA2 site 115; not in a defined antigenic site
A,443,#bdbdbd,116_HA2,,HA2 site 116; not in a defined antigenic site
A,444,#bdbdbd,117_HA2,,HA2 site 117; not in a defined antigenic site
A,445,#bdbdbd,118_HA2,,HA2 site 118; not in a defined antigenic site
A,446,#bdbdbd,119_HA2,,HA2 site 119; not in a defined antigenic site
A,447,#bdbdbd,120_HA2,,HA2 site 120; not in a defined antigenic site
A,448,#bdbdbd,121_HA2,,HA2 site 121; not in a defined antigenic site
A,449,#bdbdbd,122_HA2,,HA2 site 122; not in a defined antigenic site
A,450,#bdbdbd,123_HA2,,HA2 site 123; not in a defined antigenic site
A,451,#bdbdbd,124_HA2,,HA2 site 124; not in a defined antigenic site
A,452,#bdbdbd,125_HA2,,HA2 site 125; not in a defined antigenic site
A,453,#bdbdbd,126_HA2,,HA2 site 126; not in a defined antigenic site
A,454,#bdbdbd,127_HA2,,HA2 site 127; not in a defined antigenic site
A,455,#bdbdbd,128_HA2,,HA2 site 128; not in a defined antigenic site
A,456,#bdbdbd,129_HA2,,HA2 site 129; not in a defined antigenic site
A,457,#bdbdbd,130_HA2,,HA2 site 130; not in a defined antigenic site
A,458,#bdbdbd,131_HA2,,HA2 site 131; not in a defined antigenic site
A,459,#bdbdbd,132_HA2,,HA2 site 132; not in a defined antigenic site
A,460,#bdbdbd,133_HA2,,HA2 site 133; not in a defined antigenic site
A,461,#bdbdbd,134_HA2,,HA2 site 134; not in a defined antigenic site
A,462,#bdbdbd,135_HA2,,HA2 site 135; not in a defined antigenic site
A,463,#bdbdbd,136_HA2,,HA2 site 136; not in a defined antigenic site
A,464,#bdbdbd,137_HA2,,HA2 site 137; not in a defined antigenic site
A,465,#bdbdbd,138_HA2,,HA2 site 138; not in a defined antigenic site
A,466,#bdbdbd,139_HA2,,HA2 site 139; not in a defined antigenic site
A,467,#bdbdbd,140_HA2,,HA2 site 140; not in a defined antigenic site
A,468,#bdbdbd,141_HA2,,HA2 site 141; not in a defined antigenic site
A,469,#bdbdbd,142_HA2,,HA2 site 142; not in a defined antigenic site
A,470,#bdbdbd,143_HA2,,HA2 site 143; not in a defined antigenic site
A,471,#bdbdbd,144_HA2,,HA2 site 144; not in a defined antigenic site
A,472,#bdbdbd,145_HA2,,HA2 site 145; not in a defined antigenic site
A,473,#bdbdbd,146_HA2,,HA2 site 146; not in a defined antigenic site
A,474,#bdbdbd,147_HA2,,HA2 site 147; not in a defined antigenic site
A,475,#bdbdbd,148_HA2,,HA2 site 148; not in a defined antigenic site
A,476,#bdbdbd,149_HA2,,HA2 site 149; not in a defined antigenic site
A,477,#bdbdbd,150_HA2,,HA2 site 150; not in a defined antigenic site
A,478,#bdbdbd,151_HA2,,HA2 site 151; not in a defined antigenic site
A,479,#bdbdbd,152_HA2,,HA2 site 152; not in a defined antigenic site
A,480,#bdbdbd,153_HA2,,HA2 site 153; not in a defined antigenic site
A,481,#bdbdbd,154_HA2,,HA2 site 154; not in a defined antigenic site
A,482,#bdbdbd,155_HA2,,HA2 site 155; not in a defined antigenic site
A,483,#bdbdbd,156_HA2,,HA2 site 156; not in a defined antigenic site
A,484,#bdbdbd,157_HA2,,HA2 site 157; not in a defined antigenic site
A,485,#bdbdbd,158_HA2,,HA2 site 158; not in a defined antigenic site
A,486,#bdbdbd,159_HA2,,HA2 site 159; not in a defined antigenic site
A,487,#bdbdbd,160_HA2,,HA2 site 160; not in a defined antigenic site
A,488,#bdbdbd,161_HA2,,HA2 site 161; not in a defined antigenic site
A,489,#bdbdbd,162_HA2,,HA2 site 162; not in a defined antigenic site
A,490,#bdbdbd,163_HA2,,HA2 site 163; not in a defined antigenic site
A,491,#bdbdbd,164_HA2,,HA2 site 164; not in a defined antigenic site
A,492,#bdbdbd,165_HA2,,HA2 site 165; not in a defined antigenic site
A,493,#bdbdbd,166_HA2,,HA2 site 166; not in a defined antigenic site
A,494,#bdbdbd,167_HA2,,HA2 site 167; not in a defined antigenic site
A,495,#bdbdbd,168_HA2,,HA2 site 168; not in a defined antigenic site
A,496,#bdbdbd,169_HA2,,HA2 site 169; not in a defined antigenic site
A,497,#bdbdbd,170_HA2,,HA2 site 170; not in a defined antigenic site
A,498,#bdbdbd,171_HA2,,HA2 site 171; not in a defined antigenic site
B,1,#e8e8e8,1_HA1,,HA1 site 1; not in a defined antigenic site
B,2,#e8e8e8,2_HA1,,HA1 site 2; not in a defined antigenic site
B,3,#e8e8e8,3_HA1,,HA1 site 3; not in a defined antigenic site
B,4,#e8e8e8,4_HA1,,HA1 site 4; not in a defined antigenic site
B,5,#e8e8e8,5_HA1,,HA1 site 5; not in a defined antigenic site
B,6,#e8e8e8,6_HA1,,HA1 site 6; not in a defined antigenic site
B,7,#e8e8e8,7_HA1,,HA1 site 7; not in a defined antigenic site
B,8,#e8e8e8,8_HA1,,HA1 site 8; not in a defined antigenic site
B,9,#e8e8e8,9_HA1,,HA1 site 9; not in a defined antigenic site
B,10,#e8e8e8,10_HA1,,HA1 site 10; not in a defined antigenic site
B,11,#e8e8e8,11_HA1,,HA1 site 11; not in a defined antigenic site
B,12,#e8e8e8,12_HA1,,HA1 site 12; not in a defined antigenic site
B,13,#e8e8e8,13_HA1,,HA1 site 13; not in a defined antigenic site
B,14,#e8e8e8,14_HA1,,HA1 site 14; not in a defined antigenic site
B,15,#e8e8e8,15_HA1,,HA1 site 15; not in a defined antigenic site
B,16,#e8e8e8,16_HA1,,HA1 site 16; not in a defined antigenic site
B,17,#e8e8e8,17_HA1,,HA1 site 17; not in a defined antigenic site
B,18,#e8e8e8,18_HA1,,HA1 site 18; not in a defined antigenic site
B,19,#e8e8e8,19_HA1,,HA1 site 19; not in a defined antigenic site
B,20,#e8e8e8,20_HA1,,HA1 site 20; not in a defined antigenic site
B,21,#e8e8e8,21_HA1,,HA1 site 21; not in a defined antigenic site
B,22,#e8e8e8,22_HA1,,HA1 site 22; not in a defined antigenic site
B,23,#e8e8e8,23_HA1,,HA1 site 23; not in a defined antigenic site
B,24,#e8e8e8,24_HA1,,HA1 site 24; not in a defined antigenic site
B,25,#e8e8e8,25_HA1,,HA1 site 25; not in a defined antigenic site
B,26,#e8e8e8,26_HA1,,HA1 site 26; not in a defined antigenic site
B,27,#e8e8e8,27_HA1,,HA1 site 27; not in a defined antigenic site
B,28,#e8e8e8,28_HA1,,HA1 site 28; not in a defined antigenic site
B,29,#e8e8e8,29_HA1,,HA1 site 29; not in a defined antigenic site
B,30,#e8e8e8,30_HA1,,HA1 site 30; not in a defined antigenic site
B,31,#e8e8e8,31_HA1,,HA1 site 31; not in a defined antigenic site
B,32,#e8e8e8,32_HA1,,HA1 site 32; not in a defined antigenic site
B,33,#e8e8e8,33_HA1,,HA1 site 33; not in a defined antigenic site
B,34,#e8e8e8,34_HA1,,HA1 site 34; not in a defined antigenic site
B,35,#e8e8e8,35_HA1,,HA1 site 35; not in a defined antigenic site
B,36,#e8e8e8,36_HA1,,HA1 site 36; not in a defined antigenic site
B,37,#e8e8e8,37_HA1,,HA1 site 37; not in a defined antigenic site
B,38,#e8e8e8,38_HA1,,HA1 site 38; not in a defined antigenic site
B,39,#e8e8e8,39_HA1,,HA1 site 39; not in a defined antigenic site
B,40,#e8e8e8,40_HA1,,HA1 site 40; not in a defined antigenic site
B,41,#e8e8e8,41_HA1,,HA1 site 41; not in a defined antigenic site
B,42,#e8e8e8,42_HA1,,HA1 site 42; not in a defined antigenic site
B,43,#e8e8e8,43_HA1,,HA1 site 43; not in a defined antigenic site
B,44,#e8e8e8,44_HA1,,HA1 site 44; not in a defined antigenic site
B,45,#e8e8e8,45_HA1,,HA1 site 45; not in a defined antigenic site
B,46,#e8e8e8,46_HA1,,HA1 site 46; not in a defined antigenic site
B,47,#e8e8e8,47_HA1,,HA1 site 47; not in a defined antigenic site
B,48,#e8e8e8,48_HA1,,HA1 site 48; not in a defined antigenic site
B,49,#e8e8e8,49_HA1,,HA1 site 49; not in a defined antigenic site
B,50,#e8e8e8,50_HA1,,HA1 site 50; not in a defined antigenic site
B,51,#e8e8e8,51_HA1,,HA1 site 51; not in a defined antigenic site
B,52,#e8e8e8,52_HA1,,HA1 site 52; not in a defined antigenic site
B,53,#e8e8e8,53_HA1,,HA1 site 53; not in a defined antigenic site
B,54,#e8e8e8,54_HA1,,HA1 site 54; not in a defined antigenic site
B,55,#e8e8e8,55_HA1,,HA1 site 55; not in a defined antigenic site
B,56,#e8e8e8,56_HA1,,HA1 site 56; not in a defined antigenic site
B,57,#e8e8e8,57_HA1,,HA1 site 57; not in a defined antigenic site
B,58,#e8e8e8,58_HA1,,HA1 site 58; not in a defined antigenic site
B,59,#e8e8e8,59_HA1,,HA1 site 59; not in a defined antigenic site
B,60,#e8e8e8,60_HA1,,HA1 site 60; not in a defined antigenic site
B,61,#e8e8e8,61_HA1,,HA1 site 61; not in a defined antigenic site
B,62,#e8e8e8,62_HA1,,HA1 site 62; not in a defined antigenic site
B,63,#e8e8e8,63_HA1,,HA1 site 63; not in a defined antigenic site
B,64,#e8e8e8,64_HA1,,HA1 site 64; not in a defined antigenic site
B,65,#e8e8e8,65_HA1,,HA1 site 65; not in a defined antigenic site
B,66,#e8e8e8,66_HA1,,HA1 site 66; not in a defined antigenic site
B,67,#e8e8e8,67_HA1,,HA1 site 67; not in a defined antigenic site
B,68,#e8e8e8,68_HA1,,HA1 site 68; not in a defined antigenic site
B,69,#e8e8e8,69_HA1,,HA1 site 69; not in a defined antigenic site
B,70,#44AA99,70_HA1,,HA1 site 70; antigenic site Cb of Wilson et al. 2015 Virology 485:252-62
B,71,#44AA99,71_HA1,,HA1 site 71; antigenic site Cb of Wilson et al. 2015 Virology 485:252-62
B,72,#44AA99,72_HA1,,HA1 site 72; antigenic site Cb of Wilson et al. 2015 Virology 485:252-62
B,73,#44AA99,73_HA1,,HA1 site 73; antigenic site Cb of Wilson et al. 2015 Virology 485:252-62
B,74,#44AA99,74_HA1,,HA1 site 74; antigenic site Cb of Wilson et al. 2015 Virology 485:252-62
B,75,#44AA99,75_HA1,,HA1 site 75; antigenic site Cb of Wilson et al. 2015 Virology 485:252-62
B,76,#e8e8e8,76_HA1,,HA1 site 76; not in a defined antigenic site
B,77,#e8e8e8,77_HA1,,HA1 site 77; not in a defined antigenic site
B,78,#e8e8e8,78_HA1,,HA1 site 78; not in a defined antigenic site
B,79,#e8e8e8,79_HA1,,HA1 site 79; not in a defined antigenic site
B,80,#e8e8e8,80_HA1,,HA1 site 80; not in a defined antigenic site
B,81,#e8e8e8,81_HA1,,HA1 site 81; not in a defined antigenic site
B,82,#e8e8e8,82_HA1,,HA1 site 82; not in a defined antigenic site
B,83,#e8e8e8,83_HA1,,HA1 site 83; not in a defined antigenic site
B,84,#e8e8e8,84_HA1,,HA1 site 84; not in a defined antigenic site
B,85,#e8e8e8,85_HA1,,HA1 site 85; not in a defined antigenic site
B,86,#e8e8e8,86_HA1,,HA1 site 86; not in a defined antigenic site
B,87,#e8e8e8,87_HA1,,HA1 site 87; not in a defined antigenic site
B,88,#e8e8e8,88_HA1,,HA1 site 88; not in a defined antigenic site
B,89,#e8e8e8,89_HA1,,HA1 site 89; not in a defined antigenic site
B,90,#e8e8e8,90_HA1,,HA1 site 90; not in a defined antigenic site
B,91,#e8e8e8,91_HA1,,HA1 site 91; not in a defined antigenic site
B,92,#e8e8e8,92_HA1,,HA1 site 92; not in a defined antigenic site
B,93,#e8e8e8,93_HA1,,HA1 site 93; not in a defined antigenic site
B,94,#e8e8e8,94_HA1,,HA1 site 94; not in a defined antigenic site
B,95,#e8e8e8,95_HA1,,HA1 site 95; not in a defined antigenic site
B,96,#e8e8e8,96_HA1,,HA1 site 96; not in a defined antigenic site
B,97,#e8e8e8,97_HA1,,HA1 site 97; not in a defined antigenic site
B,98,#e8e8e8,98_HA1,,HA1 site 98; not in a defined antigenic site
B,99,#e8e8e8,99_HA1,,HA1 site 99; not in a defined antigenic site
B,100,#e8e8e8,100_HA1,,HA1 site 100; not in a defined antigenic site
B,101,#e8e8e8,101_HA1,,HA1 site 101; not in a defined antigenic site
B,102,#e8e8e8,102_HA1,,HA1 site 102; not in a defined antigenic site
B,103,#e8e8e8,103_HA1,,HA1 site 103; not in a defined antigenic site
B,104,#e8e8e8,104_HA1,,HA1 site 104; not in a defined antigenic site
B,105,#e8e8e8,105_HA1,,HA1 site 105; not in a defined antigenic site
B,106,#e8e8e8,106_HA1,,HA1 site 106; not in a defined antigenic site
B,107,#e8e8e8,107_HA1,,HA1 site 107; not in a defined antigenic site
B,108,#e8e8e8,108_HA1,,HA1 site 108; not in a defined antigenic site
B,109,#e8e8e8,109_HA1,,HA1 site 109; not in a defined antigenic site
B,110,#e8e8e8,110_HA1,,HA1 site 110; not in a defined antigenic site
B,111,#e8e8e8,111_HA1,,HA1 site 111; not in a defined antigenic site
B,112,#e8e8e8,112_HA1,,HA1 site 112; not in a defined antigenic site
B,113,#e8e8e8,113_HA1,,HA1 site 113; not in a defined antigenic site
B,114,#e8e8e8,114_HA1,,HA1 site 114; not in a defined antigenic site
B,115,#e8e8e8,115_HA1,,HA1 site 115; not in a defined antigenic site
B,116,#e8e8e8,116_HA1,,HA1 site 116; not in a defined antigenic site
B,117,#e8e8e8,117_HA1,,HA1 site 117; not in a defined antigenic site
B,118,#e8e8e8,118_HA1,,HA1 site 118; not in a defined antigenic site
B,119,#e8e8e8,119_HA1,,HA1 site 119; not in a defined antigenic site
B,120,#e8e8e8,120_HA1,,HA1 site 120; not in a defined antigenic site
B,121,#e8e8e8,121_HA1,,HA1 site 121; not in a defined antigenic site
B,122,#e8e8e8,122_HA1,,HA1 site 122; not in a defined antigenic site
B,123,#e8e8e8,123_HA1,,HA1 site 123; not in a defined antigenic site
B,124,#332288,124_HA1,,HA1 site 124; antigenic site Sa of Wilson et al. 2015 Virology 485:252-62
B,125,#332288,125_HA1,,HA1 site 125; antigenic site Sa of Wilson et al. 2015 Virology 485:252-62
B,126,#e8e8e8,126_HA1,,HA1 site 126; not in a defined antigenic site
B,127,#e8e8e8,127_HA1,,HA1 site 127; not in a defined antigenic site
B,128,#e8e8e8,128_HA1,,HA1 site 128; not in a defined antigenic site
B,129,#e8e8e8,129_HA1,,HA1 site 129; not in a defined antigenic site
B,130,#e8e8e8,130_HA1,,HA1 site 130; not in a defined antigenic site
B,131,#e8e8e8,131_HA1,,HA1 site 131; not in a defined antigenic site
B,132,#e8e8e8,132_HA1,,HA1 site 132; not in a defined antigenic site
B,133,#e8e8e8,133_HA1,,HA1 site 133; not in a defined antigenic site
B,134,#e8e8e8,134_HA1,,HA1 site 134; not in a defined antigenic site
B,135,#e8e8e8,135_HA1,,HA1 site 135; not in a defined antigenic site
B,136,#e8e8e8,136_HA1,,HA1 site 136; not in a defined antigenic site
B,137,#AA4499,137_HA1,,HA1 site 137; antigenic site Ca2 of Wilson et al. 2015 Virology 485:252-62
B,138,#AA4499,138_HA1,,HA1 site 138; antigenic site Ca2 of Wilson et al. 2015 Virology 485:252-62
B,139,#AA4499,139_HA1,,HA1 site 139; antigenic site Ca2 of Wilson et al. 2015 Virology 485:252-62
B,140,#AA4499,140_HA1,,HA1 site 140; antigenic site Ca2 of Wilson et al. 2015 Virology 485:252-62
B,141,#AA4499,141_HA1,,HA1 site 141; antigenic site Ca2 of Wilson et al. 2015 Virology 485:252-62
B,142,#AA4499,142_HA1,,HA1 site 142; antigenic site Ca2 of Wilson et al. 2015 Virology 485:252-62
B,143,#e8e8e8,143_HA1,,HA1 site 143; not in a defined antigenic site
B,144,#e8e8e8,144_HA1,,HA1 site 144; not in a defined antigenic site
B,145,#e8e8e8,145_HA1,,HA1 site 145; not in a defined antigenic site
B,146,#e8e8e8,146_HA1,,HA1 site 146; not in a defined antigenic site
B,147,#e8e8e8,147_HA1,,HA1 site 147; not in a defined antigenic site
B,148,#e8e8e8,148_HA1,,HA1 site 148; not in a defined antigenic site
B,149,#e8e8e8,149_HA1,,HA1 site 149; not in a defined antigenic site
B,150,#e8e8e8,150_HA1,,HA1 site 150; not in a defined antigenic site
B,151,#e8e8e8,151_HA1,,HA1 site 151; not in a defined antigenic site
B,152,#e8e8e8,152_HA1,,HA1 site 152; not in a defined antigenic site
B,153,#332288,153_HA1,,HA1 site 153; antigenic site Sa of Wilson et al. 2015 Virology 485:252-62
B,154,#332288,154_HA1,,HA1 site 154; antigenic site Sa of Wilson et al. 2015 Virology 485:252-62
B,155,#332288,155_HA1,,HA1 site 155; antigenic site Sa of Wilson et al. 2015 Virology 485:252-62
B,156,#332288,156_HA1,,HA1 site 156; antigenic site Sa of Wilson et al. 2015 Virology 485:252-62
B,157,#332288,157_HA1,,HA1 site 157; antigenic site Sa of Wilson et al. 2015 Virology 485:252-62
B,158,#e8e8e8,158_HA1,,HA1 site 158; not in a defined antigenic site
B,159,#332288,159_HA1,,HA1 site 159; antigenic site Sa of Wilson et al. 2015 Virology 485:252-62
B,160,#332288,160_HA1,,HA1 site 160; antigenic site Sa of Wilson et al. 2015 Virology 485:252-62
B,161,#332288,161_HA1,,HA1 site 161; antigenic site Sa of Wilson et al. 2015 Virology 485:252-62
B,162,#332288,162_HA1,,HA1 site 162; antigenic site Sa of Wilson et al. 2015 Virology 485:252-62
B,163,#332288,163_HA1,,HA1 site 163; antigenic site Sa of Wilson et al. 2015 Virology 485:252-62
B,164,#332288,164_HA1,,HA1 site 164; antigenic site Sa of Wilson et al. 2015 Virology 485:252-62
B,165,#e8e8e8,165_HA1,,HA1 site 165; not in a defined antigenic site
B,166,#117733,166_HA1,,HA1 site 166; antigenic site Ca1 of Wilson et al. 2015 Virology 485:252-62
B,167,#117733,167_HA1,,HA1 site 167; antigenic site Ca1 of Wilson et al. 2015 Virology 485:252-62
B,168,#117733,168_HA1,,HA1 site 168; antigenic site Ca1 of Wilson et al. 2015 Virology 485:252-62
B,169,#117733,169_HA1,,HA1 site 169; antigenic site Ca1 of Wilson et al. 2015 Virology 485:252-62
B,170,#117733,170_HA1,,HA1 site 170; antigenic site Ca1 of Wilson et al. 2015 Virology 485:252-62
B,171,#e8e8e8,171_HA1,,HA1 site 171; not in a defined antigenic site
B,172,#e8e8e8,172_HA1,,HA1 site 172; not in a defined antigenic site
B,173,#e8e8e8,173_HA1,,HA1 site 173; not in a defined antigenic site
B,174,#e8e8e8,174_HA1,,HA1 site 174; not in a defined antigenic site
B,175,#e8e8e8,175_HA1,,HA1 site 175; not in a defined antigenic site
B,176,#e8e8e8,176_HA1,,HA1 site 176; not in a defined antigenic site
B,177,#e8e8e8,177_HA1,,HA1 site 177; not in a defined antigenic site
B,178,#e8e8e8,178_HA1,,HA1 site 178; not in a defined antigenic site
B,179,#e8e8e8,179_HA1,,HA1 site 179; not in a defined antigenic site
B,180,#e8e8e8,180_HA1,,HA1 site 180; not in a defined antigenic site
B,181,#e8e8e8,181_HA1,,HA1 site 181; not in a defined antigenic site
B,182,#e8e8e8,182_HA1,,HA1 site 182; not in a defined antigenic site
B,183,#e8e8e8,183_HA1,,HA1 site 183; not in a defined antigenic site
B,184,#88CCEE,184_HA1,,HA1 site 184; antigenic site Sb of Wilson et al. 2015 Virology 485:252-62
B,185,#88CCEE,185_HA1,,HA1 site 185; antigenic site Sb of Wilson et al. 2015 Virology 485:252-62
B,186,#88CCEE,186_HA1,,HA1 site 186; antigenic site Sb of Wilson et al. 2015 Virology 485:252-62
B,187,#88CCEE,187_HA1,,HA1 site 187; antigenic site Sb of Wilson et al. 2015 Virology 485:252-62
B,188,#88CCEE,188_HA1,,HA1 site 188; antigenic site Sb of Wilson et al. 2015 Virology 485:252-62
B,189,#88CCEE,189_HA1,,HA1 site 189; antigenic site Sb of Wilson et al. 2015 Virology 485:252-62
B,190,#88CCEE,190_HA1,,HA1 site 190; antigenic site Sb of Wilson et al. 2015 Virology 485:252-62
B,191,#88CCEE,191_HA1,,HA1 site 191; antigenic site Sb of Wilson et al. 2015 Virology 485:252-62
B,192,#88CCEE,192_HA1,,HA1 site 192; antigenic site Sb of Wilson et al. 2015 Virology 485:252-62
B,193,#88CCEE,193_HA1,,HA1 site 193; antigenic site Sb of Wilson et al. 2015 Virology 485:252-62
B,194,#88CCEE,194_HA1,,HA1 site 194; antigenic site Sb of Wilson et al. 2015 Virology 485:252-62
B,195,#88CCEE,195_HA1,,HA1 site 195; antigenic site Sb of Wilson et al. 2015 Virology 485:252-62
B,196,#e8e8e8,196_HA1,,HA1 site 196; not in a defined antigenic site
B,197,#e8e8e8,197_HA1,,HA1 site 197; not in a defined antigenic site
B,198,#e8e8e8,198_HA1,,HA1 site 198; not in a defined antigenic site
B,199,#e8e8e8,199_HA1,,HA1 site 199; not in a defined antigenic site
B,200,#e8e8e8,200_HA1,,HA1 site 200; not in a defined antigenic site
B,201,#e8e8e8,201_HA1,,HA1 site 201; not in a defined antigenic site
B,202,#e8e8e8,202_HA1,,HA1 site 202; not in a defined antigenic site
B,203,#117733,203_HA1,,HA1 site 203; antigenic site Ca1 of Wilson et al. 2015 Virology 485:252-62
B,204,#117733,204_HA1,,HA1 site 204; antigenic site Ca1 of Wilson et al. 2015 Virology 485:252-62
B,205,#117733,205_HA1,,HA1 site 205; antigenic site Ca1 of Wilson et al. 2015 Virology 485:252-62
B,206,#e8e8e8,206_HA1,,HA1 site 206; not in a defined antigenic site
B,207,#e8e8e8,207_HA1,,HA1 site 207; not in a defined antigenic site
B,208,#e8e8e8,208_HA1,,HA1 site 208; not in a defined antigenic site
B,209,#e8e8e8,209_HA1,,HA1 site 209; not in a defined antigenic site
B,210,#e8e8e8,210_HA1,,HA1 site 210; not in a defined antigenic site
B,211,#e8e8e8,211_HA1,,HA1 site 211; not in a defined antigenic site
B,212,#e8e8e8,212_HA1,,HA1 site 212; not in a defined antigenic site
B,213,#e8e8e8,213_HA1,,HA1 site 213; not in a defined antigenic site
B,214,#e8e8e8,214_HA1,,HA1 site 214; not in a defined antigenic site
B,215,#e8e8e8,215_HA1,,HA1 site 215; not in a defined antigenic site
B,216,#e8e8e8,216_HA1,,HA1 site 216; not in a defined antigenic site
B,217,#e8e8e8,217_HA1,,HA1 site 217; not in a defined antigenic site
B,218,#e8e8e8,218_HA1,,HA1 site 218; not in a defined antigenic site
B,219,#e8e8e8,219_HA1,,HA1 site 219; not in a defined antigenic site
B,220,#e8e8e8,220_HA1,,HA1 site 220; not in a defined antigenic site
B,221,#AA4499,221_HA1,,HA1 site 221; antigenic site Ca2 of Wilson et al. 2015 Virology 485:252-62
B,222,#AA4499,222_HA1,,HA1 site 222; antigenic site Ca2 of Wilson et al. 2015 Virology 485:252-62
B,223,#e8e8e8,223_HA1,,HA1 site 223; not in a defined antigenic site
B,224,#e8e8e8,224_HA1,,HA1 site 224; not in a defined antigenic site
B,225,#e8e8e8,225_HA1,,HA1 site 225; not in a defined antigenic site
B,226,#e8e8e8,226_HA1,,HA1 site 226; not in a defined antigenic site
B,227,#e8e8e8,227_HA1,,HA1 site 227; not in a defined antigenic site
B,228,#e8e8e8,228_HA1,,HA1 site 228; not in a defined antigenic site
B,229,#e8e8e8,229_HA1,,HA1 site 229; not in a defined antigenic site
B,230,#e8e8e8,230_HA1,,HA1 site 230; not in a defined antigenic site
B,231,#e8e8e8,231_HA1,,HA1 site 231; not in a defined antigenic site
B,232,#e8e8e8,232_HA1,,HA1 site 232; not in a defined antigenic site
B,233,#e8e8e8,233_HA1,,HA1 site 233; not in a defined antigenic site
B,234,#e8e8e8,234_HA1,,HA1 site 234; not in a defined antigenic site
B,235,#117733,235_HA1,,HA1 site 235; antigenic site Ca1 of Wilson et al. 2015 Virology 485:252-62
B,236,#117733,236_HA1,,HA1 site 236; antigenic site Ca1 of Wilson et al. 2015 Virology 485:252-62
B,237,#117733,237_HA1,,HA1 site 237; antigenic site Ca1 of Wilson et al. 2015 Virology 485:252-62
B,238,#e8e8e8,238_HA1,,HA1 site 238; not in a defined antigenic site
B,239,#e8e8e8,239_HA1,,HA1 site 239; not in a defined antigenic site
B,240,#e8e8e8,240_HA1,,HA1 site 240; not in a defined antigenic site
B,241,#e8e8e8,241_HA1,,HA1 site 241; not in a defined antigenic site
B,242,#e8e8e8,242_HA1,,HA1 site 242; not in a defined antigenic site
B,243,#e8e8e8,243_HA1,,HA1 site 243; not in a defined antigenic site
B,244,#e8e8e8,244_HA1,,HA1 site 244; not in a defined antigenic site
B,245,#e8e8e8,245_HA1,,HA1 site 245; not in a defined antigenic site
B,246,#e8e8e8,246_HA1,,HA1 site 246; not in a defined antigenic site
B,247,#e8e8e8,247_HA1,,HA1 site 247; not in a defined antigenic site
B,248,#e8e8e8,248_HA1,,HA1 site 248; not in a defined antigenic site
B,249,#e8e8e8,249_HA1,,HA1 site 249; not in a defined antigenic site
B,250,#e8e8e8,250_HA1,,HA1 site 250; not in a defined antigenic site
B,251,#e8e8e8,251_HA1,,HA1 site 251; not in a defined antigenic site
B,252,#e8e8e8,252_HA1,,HA1 site 252; not in a defined antigenic site
B,253,#e8e8e8,253_HA1,,HA1 site 253; not in a defined antigenic site
B,254,#e8e8e8,254_HA1,,HA1 site 254; not in a defined antigenic site
B,255,#e8e8e8,255_HA1,,HA1 site 255; not in a defined antigenic site
B,256,#e8e8e8,256_HA1,,HA1 site 256; not in a defined antigenic site
B,257,#e8e8e8,257_HA1,,HA1 site 257; not in a defined antigenic site
B,258,#e8e8e8,258_HA1,,HA1 site 258; not in a defined antigenic site
B,259,#e8e8e8,259_HA1,,HA1 site 259; not in a defined antigenic site
B,260,#e8e8e8,260_HA1,,HA1 site 260; not in a defined antigenic site
B,261,#e8e8e8,261_HA1,,HA1 site 261; not in a defined antigenic site
B,262,#e8e8e8,262_HA1,,HA1 site 262; not in a defined antigenic site
B,263,#e8e8e8,263_HA1,,HA1 site 263; not in a defined antigenic site
B,264,#e8e8e8,264_HA1,,HA1 site 264; not in a defined antigenic site
B,265,#e8e8e8,265_HA1,,HA1 site 265; not in a defined antigenic site
B,266,#e8e8e8,266_HA1,,HA1 site 266; not in a defined antigenic site
B,267,#e8e8e8,267_HA1,,HA1 site 267; not in a defined antigenic site
B,268,#e8e8e8,268_HA1,,HA1 site 268; not in a defined antigenic site
B,269,#e8e8e8,269_HA1,,HA1 site 269; not in a defined antigenic site
B,270,#e8e8e8,270_HA1,,HA1 site 270; not in a defined antigenic site
B,271,#e8e8e8,271_HA1,,HA1 site 271; not in a defined antigenic site
B,272,#e8e8e8,272_HA1,,HA1 site 272; not in a defined antigenic site
B,273,#e8e8e8,273_HA1,,HA1 site 273; not in a defined antigenic site
B,274,#e8e8e8,274_HA1,,HA1 site 274; not in a defined antigenic site
B,275,#e8e8e8,275_HA1,,HA1 site 275; not in a defined antigenic site
B,276,#e8e8e8,276_HA1,,HA1 site 276; not in a defined antigenic site
B,277,#e8e8e8,277_HA1,,HA1 site 277; not in a defined antigenic site
B,278,#e8e8e8,278_HA1,,HA1 site 278; not in a defined antigenic site
B,279,#e8e8e8,279_HA1,,HA1 site 279; not in a defined antigenic site
B,280,#e8e8e8,280_HA1,,HA1 site 280; not in a defined antigenic site
B,281,#e8e8e8,281_HA1,,HA1 site 281; not in a defined antigenic site
B,282,#e8e8e8,282_HA1,,HA1 site 282; not in a defined antigenic site
B,283,#e8e8e8,283_HA1,,HA1 site 283; not in a defined antigenic site
B,284,#e8e8e8,284_HA1,,HA1 site 284; not in a defined antigenic site
B,285,#e8e8e8,285_HA1,,HA1 site 285; not in a defined antigenic site
B,286,#e8e8e8,286_HA1,,HA1 site 286; not in a defined antigenic site
B,287,#e8e8e8,287_HA1,,HA1 site 287; not in a defined antigenic site
B,288,#e8e8e8,288_HA1,,HA1 site 288; not in a defined antigenic site
B,289,#e8e8e8,289_HA1,,HA1 site 289; not in a defined antigenic site
B,290,#e8e8e8,290_HA1,,HA1 site 290; not in a defined antigenic site
B,291,#e8e8e8,291_HA1,,HA1 site 291; not in a defined antigenic site
B,292,#e8e8e8,292_HA1,,HA1 site 292; not in a defined antigenic site
B,293,#e8e8e8,293_HA1,,HA1 site 293; not in a defined antigenic site
B,294,#e8e8e8,294_HA1,,HA1 site 294; not in a defined antigenic site
B,295,#e8e8e8,295_HA1,,HA1 site 295; not in a defined antigenic site
B,296,#e8e8e8,296_HA1,,HA1 site 296; not in a defined antigenic site
B,297,#e8e8e8,297_HA1,,HA1 site 297; not in a defined antigenic site
B,298,#e8e8e8,298_HA1,,HA1 site 298; not in a defined antigenic site
B,299,#e8e8e8,299_HA1,,HA1 site 299; not in a defined antigenic site
B,300,#e8e8e8,300_HA1,,HA1 site 300; not in a defined antigenic site
B,301,#e8e8e8,301_HA1,,HA1 site 301; not in a defined antigenic site
B,302,#e8e8e8,302_HA1,,HA1 site 302; not in a defined antigenic site
B,303,#e8e8e8,303_HA1,,HA1 site 303; not in a defined antigenic site
B,304,#e8e8e8,304_HA1,,HA1 site 304; not in a defined antigenic site
B,305,#e8e8e8,305_HA1,,HA1 site 305; not in a defined antigenic site
B,306,#e8e8e8,306_HA1,,HA1 site 306; not in a defined antigenic site
B,307,#e8e8e8,307_HA1,,HA1 site 307; not in a defined antigenic site
B,308,#e8e8e8,308_HA1,,HA1 site 308; not in a defined antigenic site
B,309,#e8e8e8,309_HA1,,HA1 site 309; not in a defined antigenic site
B,310,#e8e8e8,310_HA1,,HA1 site 310; not in a defined antigenic site
B,311,#e8e8e8,311_HA1,,HA1 site 311; not in a defined antigenic site
B,312,#e8e8e8,312_HA1,,HA1 site 312; not in a defined antigenic site
B,313,#e8e8e8,313_HA1,,HA1 site 313; not in a defined antigenic site
B,314,#e8e8e8,314_HA1,,HA1 site 314; not in a defined antigenic site
B,315,#e8e8e8,315_HA1,,HA1 site 315; not in a defined antigenic site
B,316,#e8e8e8,316_HA1,,HA1 site 316; not in a defined antigenic site
B,317,#e8e8e8,317_HA1,,HA1 site 317; not in a defined antigenic site
B,318,#e8e8e8,318_HA1,,HA1 site 318; not in a defined antigenic site
B,319,#e8e8e8,319_HA1,,HA1 site 319; not in a defined antigenic site
B,320,#e8e8e8,320_HA1,,HA1 site 320; not in a defined antigenic site
B,321,#e8e8e8,321_HA1,,HA1 site 321; not in a defined antigenic site
B,322,#e8e8e8,322_HA1,,HA1 site 322; not in a defined antigenic site
B,323,#e8e8e8,323_HA1,,HA1 site 323; not in a defined antigenic site
B,334,#bdbdbd,7_HA2,,HA2 site 7; not in a defined antigenic site
B,335,#bdbdbd,8_HA2,,HA2 site 8; not in a defined antigenic site
B,336,#bdbdbd,9_HA2,,HA2 site 9; not in a defined antigenic site
B,337,#bdbdbd,10_HA2,,HA2 site 10; not in a defined antigenic site
B,338,#bdbdbd,11_HA2,,HA2 site 11; not in a defined antigenic site
B,339,#bdbdbd,12_HA2,,HA2 site 12; not in a defined antigenic site
B,340,#bdbdbd,13_HA2,,HA2 site 13; not in a defined antigenic site
B,341,#bdbdbd,14_HA2,,HA2 site 14; not in a defined antigenic site
B,342,#bdbdbd,15_HA2,,HA2 site 15; not in a defined antigenic site
B,343,#bdbdbd,16_HA2,,HA2 site 16; not in a defined antigenic site
B,344,#bdbdbd,17_HA2,,HA2 site 17; not in a defined antigenic site
B,345,#bdbdbd,18_HA2,,HA2 site 18; not in a defined antigenic site
B,346,#bdbdbd,19_HA2,,HA2 site 19; not in a defined antigenic site
B,347,#bdbdbd,20_HA2,,HA2 site 20; not in a defined antigenic site
B,348,#bdbdbd,21_HA2,,HA2 site 21; not in a defined antigenic site
B,349,#bdbdbd,22_HA2,,HA2 site 22; not in a defined antigenic site
B,350,#bdbdbd,23_HA2,,HA2 site 23; not in a defined antigenic site
B,351,#bdbdbd,24_HA2,,HA2 site 24; not in a defined antigenic site
B,352,#bdbdbd,25_HA2,,HA2 site 25; not in a defined antigenic site
B,353,#bdbdbd,26_HA2,,HA2 site 26; not in a defined antigenic site
B,354,#bdbdbd,27_HA2,,HA2 site 27; not in a defined antigenic site
B,355,#bdbdbd,28_HA2,,HA2 site 28; not in a defined antigenic site
B,356,#bdbdbd,29_HA2,,HA2 site 29; not in a defined antigenic site
B,357,#bdbdbd,30_HA2,,HA2 site 30; not in a defined antigenic site
B,358,#bdbdbd,31_HA2,,HA2 site 31; not in a defined antigenic site
B,359,#bdbdbd,32_HA2,,HA2 site 32; not in a defined antigenic site
B,360,#bdbdbd,33_HA2,,HA2 site 33; not in a defined antigenic site
B,361,#bdbdbd,34_HA2,,HA2 site 34; not in a defined antigenic site
B,362,#bdbdbd,35_HA2,,HA2 site 35; not in a defined antigenic site
B,363,#bdbdbd,36_HA2,,HA2 site 36; not in a defined antigenic site
B,364,#bdbdbd,37_HA2,,HA2 site 37; not in a defined antigenic site
B,365,#bdbdbd,38_HA2,,HA2 site 38; not in a defined antigenic site
B,366,#bdbdbd,39_HA2,,HA2 site 39; not in a defined antigenic site
B,367,#bdbdbd,40_HA2,,HA2 site 40; not in a defined antigenic site
B,368,#bdbdbd,41_HA2,,HA2 site 41; not in a defined antigenic site
B,369,#bdbdbd,42_HA2,,HA2 site 42; not in a defined antigenic site
B,370,#bdbdbd,43_HA2,,HA2 site 43; not in a defined antigenic site
B,371,#bdbdbd,44_HA2,,HA2 site 44; not in a defined antigenic site
B,372,#bdbdbd,45_HA2,,HA2 site 45; not in a defined antigenic site
B,373,#bdbdbd,46_HA2,,HA2 site 46; not in a defined antigenic site
B,374,#bdbdbd,47_HA2,,HA2 site 47; not in a defined antigenic site
B,375,#bdbdbd,48_HA2,,HA2 site 48; not in a defined antigenic site
B,376,#bdbdbd,49_HA2,,HA2 site 49; not in a defined antigenic site
B,377,#bdbdbd,50_HA2,,HA2 site 50; not in a defined antigenic site
B,378,#bdbdbd,51_HA2,,HA2 site 51; not in a defined antigenic site
B,379,#bdbdbd,52_HA2,,HA2 site 52; not in a defined antigenic site
B,380,#bdbdbd,53_HA2,,HA2 site 53; not in a defined antigenic site
B,381,#bdbdbd,54_HA2,,HA2 site 54; not in a defined antigenic site
B,382,#bdbdbd,55_HA2,,HA2 site 55; not in a defined antigenic site
B,383,#bdbdbd,56_HA2,,HA2 site 56; not in a defined antigenic site
B,384,#bdbdbd,57_HA2,,HA2 site 57; not in a defined antigenic site
B,385,#bdbdbd,58_HA2,,HA2 site 58; not in a defined antigenic site
B,386,#bdbdbd,59_HA2,,HA2 site 59; not in a defined antigenic site
B,387,#bdbdbd,60_HA2,,HA2 site 60; not in a defined antigenic site
B,388,#bdbdbd,61_HA2,,HA2 site 61; not in a defined antigenic site
B,389,#bdbdbd,62_HA2,,HA2 site 62; not in a defined antigenic site
B,390,#bdbdbd,63_HA2,,HA2 site 63; not in a defined antigenic site
B,391,#bdbdbd,64_HA2,,HA2 site 64; not in a defined antigenic site
B,392,#bdbdbd,65_HA2,,HA2 site 65; not in a defined antigenic site
B,393,#bdbdbd,66_HA2,,HA2 site 66; not in a defined antigenic site
B,394,#bdbdbd,67_HA2,,HA2 site 67; not in a defined antigenic site
B,395,#bdbdbd,68_HA2,,HA2 site 68; not in a defined antigenic site
B,396,#bdbdbd,69_HA2,,HA2 site 69; not in a defined antigenic site
B,397,#bdbdbd,70_HA2,,HA2 site 70; not in a defined antigenic site
B,398,#bdbdbd,71_HA2,,HA2 site 71; not in a defined antigenic site
B,399,#bdbdbd,72_HA2,,HA2 site 72; not in a defined antigenic site
B,400,#bdbdbd,73_HA2,,HA2 site 73; not in a defined antigenic site
B,401,#bdbdbd,74_HA2,,HA2 site 74; not in a defined antigenic site
B,402,#bdbdbd,75_HA2,,HA2 site 75; not in a defined antigenic site
B,403,#bdbdbd,76_HA2,,HA2 site 76; not in a defined antigenic site
B,404,#bdbdbd,77_HA2,,HA2 site 77; not in a defined antigenic site
B,405,#bdbdbd,78_HA2,,HA2 site 78; not in a defined antigenic site
B,406,#bdbdbd,79_HA2,,HA2 site 79; not in a defined antigenic site
B,407,#bdbdbd,80_HA2,,HA2 site 80; not in a defined antigenic site
B,408,#bdbdbd,81_HA2,,HA2 site 81; not in a defined antigenic site
B,409,#bdbdbd,82_HA2,,HA2 site 82; not in a defined antigenic site
B,410,#bdbdbd,83_HA2,,HA2 site 83; not in a defined antigenic site
B,411,#bdbdbd,84_HA2,,HA2 site 84; not in a defined antigenic site
B,412,#bdbdbd,85_HA2,,HA2 site 85; not in a defined antigenic site
B,413,#bdbdbd,86_HA2,,HA2 site 86; not in a defined antigenic site
B,414,#bdbdbd,87_HA2,,HA2 site 87; not in a defined antigenic site
B,415,#bdbdbd,88_HA2,,HA2 site 88; not in a defined antigenic site
B,416,#bdbdbd,89_HA2,,HA2 site 89; not in a defined antigenic site
B,417,#bdbdbd,90_HA2,,HA2 site 90; not in a defined antigenic site
B,418,#bdbdbd,91_HA2,,HA2 site 91; not in a defined antigenic site
B,419,#bdbdbd,92_HA2,,HA2 site 92; not in a defined antigenic site
B,420,#bdbdbd,93_HA2,,HA2 site 93; not in a defined antigenic site
B,421,#bdbdbd,94_HA2,,HA2 site 94; not in a defined antigenic site
B,422,#bdbdbd,95_HA2,,HA2 site 95; not in a defined antigenic site
B,423,#bdbdbd,96_HA2,,HA2 site 96; not in a defined antigenic site
B,424,#bdbdbd,97_HA2,,HA2 site 97; not in a defined antigenic site
B,425,#bdbdbd,98_HA2,,HA2 site 98; not in a defined antigenic site
B,426,#bdbdbd,99_HA2,,HA2 site 99; not in a defined antigenic site
B,427,#bdbdbd,100_HA2,,HA2 site 100; not in a defined antigenic site
B,428,#bdbdbd,101_HA2,,HA2 site 101; not in a defined antigenic site
B,429,#bdbdbd,102_HA2,,HA2 site 102; not in a defined antigenic site
B,430,#bdbdbd,103_HA2,,HA2 site 103; not in a defined antigenic site
B,431,#bdbdbd,104_HA2,,HA2 site 104; not in a defined antigenic site
B,432,#bdbdbd,105_HA2,,HA2 site 105; not in a defined antigenic site
B,433,#bdbdbd,106_HA2,,HA2 site 106; not in a defined antigenic site
B,434,#bdbdbd,107_HA2,,HA2 site 107; not in a defined antigenic site
B,435,#bdbdbd,108_HA2,,HA2 site 108; not in a defined antigenic site
B,436,#bdbdbd,109_HA2,,HA2 site 109; not in a defined antigenic site
B,437,#bdbdbd,110_HA2,,HA2 site 110; not in a defined antigenic site
B,438,#bdbdbd,111_HA2,,HA2 site 111; not in a defined antigenic site
B,439,#bdbdbd,112_HA2,,HA2 site 112; not in a defined antigenic site
B,440,#bdbdbd,113_HA2,,HA2 site 113; not in a defined antigenic site
B,441,#bdbdbd,114_HA2,,HA2 site 114; not in a defined antigenic site
B,442,#bdbdbd,115_HA2,,HA2 site 115; not in a defined antigenic site
B,443,#bdbdbd,116_HA2,,HA2 site 116; not in a defined antigenic site
B,444,#bdbdbd,117_HA2,,HA2 site 117; not in a defined antigenic site
B,445,#bdbdbd,118_HA2,,HA2 site 118; not in a defined antigenic site
B,446,#bdbdbd,119_HA2,,HA2 site 119; not in a defined antigenic site
B,447,#bdbdbd,120_HA2,,HA2 site 120; not in a defined antigenic site
B,448,#bdbdbd,121_HA2,,HA2 site 121; not in a defined antigenic site
B,449,#bdbdbd,122_HA2,,HA2 site 122; not in a defined antigenic site
B,450,#bdbdbd,123_HA2,,HA2 site 123; not in a defined antigenic site
B,451,#bdbdbd,124_HA2,,HA2 site 124; not in a defined antigenic site
B,452,#bdbdbd,125_HA2,,HA2 site 125; not in a defined antigenic site
B,453,#bdbdbd,126_HA2,,HA2 site 126; not in a defined antigenic site
B,454,#bdbdbd,127_HA2,,HA2 site 127; not in a defined antigenic site
B,455,#bdbdbd,128_HA2,,HA2 site 128; not in a defined antigenic site
B,456,#bdbdbd,129_HA2,,HA2 site 129; not in a defined antigenic site
B,457,#bdbdbd,130_HA2,,HA2 site 130; not in a defined antigenic site
B,458,#bdbdbd,131_HA2,,HA2 site 131; not in a defined antigenic site
B,459,#bdbdbd,132_HA2,,HA2 site 132; not in a defined antigenic site
B,460,#bdbdbd,133_HA2,,HA2 site 133; not in a defined antigenic site
B,461,#bdbdbd,134_HA2,,HA2 site 134; not in a defined antigenic site
B,462,#bdbdbd,135_HA2,,HA2 site 135; not in a defined antigenic site
B,463,#bdbdbd,136_HA2,,HA2 site 136; not in a defined antigenic site
B,464,#bdbdbd,137_HA2,,HA2 site 137; not in a defined antigenic site
B,465,#bdbdbd,138_HA2,,HA2 site 138; not in a defined antigenic site
B,466,#bdbdbd,139_HA2,,HA2 site 139; not in a defined antigenic site
B,467,#bdbdbd,140_HA2,,HA2 site 140; not in a defined antigenic site
B,468,#bdbdbd,141_HA2,,HA2 site 141; not in a defined antigenic site
B,469,#bdbdbd,142_HA2,,HA2 site 142; not in a defined antigenic site
B,470,#bdbdbd,143_HA2,,HA2 site 143; not in a defined antigenic site
B,471,#bdbdbd,144_HA2,,HA2 site 144; not in a defined antigenic site
B,472,#bdbdbd,145_HA2,,HA2 site 145; not in a defined antigenic site
B,473,#bdbdbd,146_HA2,,HA2 site 146; not in a defined antigenic site
B,474,#bdbdbd,147_HA2,,HA2 site 147; not in a defined antigenic site
B,475,#bdbdbd,148_HA2,,HA2 site 148; not in a defined antigenic site
B,476,#bdbdbd,149_HA2,,HA2 site 149; not in a defined antigenic site
B,477,#bdbdbd,150_HA2,,HA2 site 150; not in a defined antigenic site
B,478,#bdbdbd,151_HA2,,HA2 site 151; not in a defined antigenic site
B,479,#bdbdbd,152_HA2,,HA2 site 152; not in a defined antigenic site
B,480,#bdbdbd,153_HA2,,HA2 site 153; not in a defined antigenic site
B,481,#bdbdbd,154_HA2,,HA2 site 154; not in a defined antigenic site
B,482,#bdbdbd,155_HA2,,HA2 site 155; not in a defined antigenic site
B,483,#bdbdbd,156_HA2,,HA2 site 156; not in a defined antigenic site
B,484,#bdbdbd,157_HA2,,HA2 site 157; not in a defined antigenic site
B,485,#bdbdbd,158_HA2,,HA2 site 158; not in a defined antigenic site
B,486,#bdbdbd,159_HA2,,HA2 site 159; not in a defined antigenic site
B,487,#bdbdbd,160_HA2,,HA2 site 160; not in a defined antigenic site
B,488,#bdbdbd,161_HA2,,HA2 site 161; not in a defined antigenic site
B,489,#bdbdbd,162_HA2,,HA2 site 162; not in a defined antigenic site
B,490,#bdbdbd,163_HA2,,HA2 site 163; not in a defined antigenic site
B,491,#bdbdbd,164_HA2,,HA2 site 164; not in a defined antigenic site
B,492,#bdbdbd,165_HA2,,HA2 site 165; not in a defined antigenic site
B,493,#bdbdbd,166_HA2,,HA2 site 166; not in a defined antigenic site
B,494,#bdbdbd,167_HA2,,HA2 site 167; not in a defined antigenic site
B,495,#bdbdbd,168_HA2,,HA2 site 168; not in a defined antigenic site
B,496,#bdbdbd,169_HA2,,HA2 site 169; not in a defined antigenic site
B,497,#bdbdbd,170_HA2,,HA2 site 170; not in a defined antigenic site
B,498,#bdbdbd,171_HA2,,HA2 site 171; not in a defined antigenic site
C,1,#e8e8e8,1_HA1,,HA1 site 1; not in a defined antigenic site
C,2,#e8e8e8,2_HA1,,HA1 site 2; not in a defined antigenic site
C,3,#e8e8e8,3_HA1,,HA1 site 3; not in a defined antigenic site
C,4,#e8e8e8,4_HA1,,HA1 site 4; not in a defined antigenic site
C,5,#e8e8e8,5_HA1,,HA1 site 5; not in a defined antigenic site
C,6,#e8e8e8,6_HA1,,HA1 site 6; not in a defined antigenic site
C,7,#e8e8e8,7_HA1,,HA1 site 7; not in a defined antigenic site
C,8,#e8e8e8,8_HA1,,HA1 site 8; not in a defined antigenic site
C,9,#e8e8e8,9_HA1,,HA1 site 9; not in a defined antigenic site
C,10,#e8e8e8,10_HA1,,HA1 site 10; not in a defined antigenic site
C,11,#e8e8e8,11_HA1,,HA1 site 11; not in a defined antigenic site
C,12,#e8e8e8,12_HA1,,HA1 site 12; not in a defined antigenic site
C,13,#e8e8e8,13_HA1,,HA1 site 13; not in a defined antigenic site
C,14,#e8e8e8,14_HA1,,HA1 site 14; not in a defined antigenic site
C,15,#e8e8e8,15_HA1,,HA1 site 15; not in a defined antigenic site
C,16,#e8e8e8,16_HA1,,HA1 site 16; not in a defined antigenic site
C,17,#e8e8e8,17_HA1,,HA1 site 17; not in a defined antigenic site
C,18,#e8e8e8,18_HA1,,HA1 site 18; not in a defined antigenic site
C,19,#e8e8e8,19_HA1,,HA1 site 19; not in a defined antigenic site
C,20,#e8e8e8,20_HA1,,HA1 site 20; not in a defined antigenic site
C,21,#e8e8e8,21_HA1,,HA1 site 21; not in a defined antigenic site
C,22,#e8e8e8,22_HA1,,HA1 site 22; not in a defined antigenic site
C,23,#e8e8e8,23_HA1,,HA1 site 23; not in a defined antigenic site
C,24,#e8e8e8,24_HA1,,HA1 site 24; not in a defined antigenic site
C,25,#e8e8e8,25_HA1,,HA1 site 25; not in a defined antigenic site
C,26,#e8e8e8,26_HA1,,HA1 site 26; not in a defined antigenic site
C,27,#e8e8e8,27_HA1,,HA1 site 27; not in a defined antigenic site
C,28,#e8e8e8,28_HA1,,HA1 site 28; not in a defined antigenic site
C,29,#e8e8e8,29_HA1,,HA1 site 29; not in a defined antigenic site
C,30,#e8e8e8,30_HA1,,HA1 site 30; not in a defined antigenic site
C,31,#e8e8e8,31_HA1,,HA1 site 31; not in a defined antigenic site
C,32,#e8e8e8,32_HA1,,HA1 site 32; not in a defined antigenic site
C,33,#e8e8e8,33_HA1,,HA1 site 33; not in a defined antigenic site
C,34,#e8e8e8,34_HA1,,HA1 site 34; not in a defined antigenic site
C,35,#e8e8e8,35_HA1,,HA1 site 35; not in a defined antigenic site
C,36,#e8e8e8,36_HA1,,HA1 site 36; not in a defined antigenic site
C,37,#e8e8e8,37_HA1,,HA1 site 37; not in a defined antigenic site
C,38,#e8e8e8,38_HA1,,HA1 site 38; not in a defined antigenic site
C,39,#e8e8e8,39_HA1,,HA1 site 39; not in a defined antigenic site
C,40,#e8e8e8,40_HA1,,HA1 site 40; not in a defined antigenic site
C,41,#e8e8e8,41_HA1,,HA1 site 41; not in a defined antigenic site
C,42,#e8e8e8,42_HA1,,HA1 site 42; not in a defined antigenic site
C,43,#e8e8e8,43_HA1,,HA1 site 43; not in a defined antigenic site
C,44,#e8e8e8,44_HA1,,HA1 site 44; not in a defined antigenic site
C,45,#e8e8e8,45_HA1,,HA1 site 45; not in a defined antigenic site
C,46,#e8e8e8,46_HA1,,HA1 site 46; not in a defined antigenic site
C,47,#e8e8e8,47_HA1,,HA1 site 47; not in a defined antigenic site
C,48,#e8e8e8,48_HA1,,HA1 site 48; not in a defined antigenic site
C,49,#e8e8e8,49_HA1,,HA1 site 49; not in a defined antigenic site
C,50,#e8e8e8,50_HA1,,HA1 site 50; not in a defined antigenic site
C,51,#e8e8e8,51_HA1,,HA1 site 51; not in a defined antigenic site
C,52,#e8e8e8,52_HA1,,HA1 site 52; not in a defined antigenic site
C,53,#e8e8e8,53_HA1,,HA1 site 53; not in a defined antigenic site
C,54,#e8e8e8,54_HA1,,HA1 site 54; not in a defined antigenic site
C,55,#e8e8e8,55_HA1,,HA1 site 55; not in a defined antigenic site
C,56,#e8e8e8,56_HA1,,HA1 site 56; not in a defined antigenic site
C,57,#e8e8e8,57_HA1,,HA1 site 57; not in a defined antigenic site
C,58,#e8e8e8,58_HA1,,HA1 site 58; not in a defined antigenic site
C,59,#e8e8e8,59_HA1,,HA1 site 59; not in a defined antigenic site
C,60,#e8e8e8,60_HA1,,HA1 site 60; not in a defined antigenic site
C,61,#e8e8e8,61_HA1,,HA1 site 61; not in a defined antigenic site
C,62,#e8e8e8,62_HA1,,HA1 site 62; not in a defined antigenic site
C,63,#e8e8e8,63_HA1,,HA1 site 63; not in a defined antigenic site
C,64,#e8e8e8,64_HA1,,HA1 site 64; not in a defined antigenic site
C,65,#e8e8e8,65_HA1,,HA1 site 65; not in a defined antigenic site
C,66,#e8e8e8,66_HA1,,HA1 site 66; not in a defined antigenic site
C,67,#e8e8e8,67_HA1,,HA1 site 67; not in a defined antigenic site
C,68,#e8e8e8,68_HA1,,HA1 site 68; not in a defined antigenic site
C,69,#e8e8e8,69_HA1,,HA1 site 69; not in a defined antigenic site
C,70,#44AA99,70_HA1,,HA1 site 70; antigenic site Cb of Wilson et al. 2015 Virology 485:252-62
C,71,#44AA99,71_HA1,,HA1 site 71; antigenic site Cb of Wilson et al. 2015 Virology 485:252-62
C,72,#44AA99,72_HA1,,HA1 site 72; antigenic site Cb of Wilson et al. 2015 Virology 485:252-62
C,73,#44AA99,73_HA1,,HA1 site 73; antigenic site Cb of Wilson et al. 2015 Virology 485:252-62
C,74,#44AA99,74_HA1,,HA1 site 74; antigenic site Cb of Wilson et al. 2015 Virology 485:252-62
C,75,#44AA99,75_HA1,,HA1 site 75; antigenic site Cb of Wilson et al. 2015 Virology 485:252-62
C,76,#e8e8e8,76_HA1,,HA1 site 76; not in a defined antigenic site
C,77,#e8e8e8,77_HA1,,HA1 site 77; not in a defined antigenic site
C,78,#e8e8e8,78_HA1,,HA1 site 78; not in a defined antigenic site
C,79,#e8e8e8,79_HA1,,HA1 site 79; not in a defined antigenic site
C,80,#e8e8e8,80_HA1,,HA1 site 80; not in a defined antigenic site
C,81,#e8e8e8,81_HA1,,HA1 site 81; not in a defined antigenic site
C,82,#e8e8e8,82_HA1,,HA1 site 82; not in a defined antigenic site
C,83,#e8e8e8,83_HA1,,HA1 site 83; not in a defined antigenic site
C,84,#e8e8e8,84_HA1,,HA1 site 84; not in a defined antigenic site
C,85,#e8e8e8,85_HA1,,HA1 site 85; not in a defined antigenic site
C,86,#e8e8e8,86_HA1,,HA1 site 86; not in a defined antigenic site
C,87,#e8e8e8,87_HA1,,HA1 site 87; not in a defined antigenic site
C,88,#e8e8e8,88_HA1,,HA1 site 88; not in a defined antigenic site
C,89,#e8e8e8,89_HA1,,HA1 site 89; not in a defined antigenic site
C,90,#e8e8e8,90_HA1,,HA1 site 90; not in a defined antigenic site
C,91,#e8e8e8,91_HA1,,HA1 site 91; not in a defined antigenic site
C,92,#e8e8e8,92_HA1,,HA1 site 92; not in a defined antigenic site
C,93,#e8e8e8,93_HA1,,HA1 site 93; not in a defined antigenic site
C,94,#e8e8e8,94_HA1,,HA1 site 94; not in a defined antigenic site
C,95,#e8e8e8,95_HA1,,HA1 site 95; not in a defined antigenic site
C,96,#e8e8e8,96_HA1,,HA1 site 96; not in a defined antigenic site
C,97,#e8e8e8,97_HA1,,HA1 site 97; not in a defined antigenic site
C,98,#e8e8e8,98_HA1,,HA1 site 98; not in a defined antigenic site
C,99,#e8e8e8,99_HA1,,HA1 site 99; not in a defined antigenic site
C,100,#e8e8e8,100_HA1,,HA1 site 100; not in a defined antigenic site
C,101,#e8e8e8,101_HA1,,HA1 site 101; not in a defined antigenic site
C,102,#e8e8e8,102_HA1,,HA1 site 102; not in a defined antigenic site
C,103,#e8e8e8,103_HA1,,HA1 site 103; not in a defined antigenic site
C,104,#e8e8e8,104_HA1,,HA1 site 104; not in a defined antigenic site
C,105,#e8e8e8,105_HA1,,HA1 site 105; not in a defined antigenic site
C,106,#e8e8e8,106_HA1,,HA1 site 106; not in a defined antigenic site
C,107,#e8e8e8,107_HA1,,HA1 site 107; not in a defined antigenic site
C,108,#e8e8e8,108_HA1,,HA1 site 108; not in a defined antigenic site
C,109,#e8e8e8,109_HA1,,HA1 site 109; not in a defined antigenic site
C,110,#e8e8e8,110_HA1,,HA1 site 110; not in a defined antigenic site
C,111,#e8e8e8,111_HA1,,HA1 site 111; not in a defined antigenic site
C,112,#e8e8e8,112_HA1,,HA1 site 112; not in a defined antigenic site
C,113,#e8e8e8,113_HA1,,HA1 site 113; not in a defined antigenic site
C,114,#e8e8e8,114_HA1,,HA1 site 114; not in a defined antigenic site
C,115,#e8e8e8,115_HA1,,HA1 site 115; not in a defined antigenic site
C,116,#e8e8e8,116_HA1,,HA1 site 116; not in a defined antigenic site
C,117,#e8e8e8,117_HA1,,HA1 site 117; not in a defined antigenic site
C,118,#e8e8e8,118_HA1,,HA1 site 118; not in a defined antigenic site
C,119,#e8e8e8,119_HA1,,HA1 site 119; not in a defined antigenic site
C,120,#e8e8e8,120_HA1,,HA1 site 120; not in a defined antigenic site
C,121,#e8e8e8,121_HA1,,HA1 site 121; not in a defined antigenic site
C,122,#e8e8e8,122_HA1,,HA1 site 122; not in a defined antigenic site
C,123,#e8e8e8,123_HA1,,HA1 site 123; not in a defined antigenic site
C,124,#332288,124_HA1,,HA1 site 124; antigenic site Sa of Wilson et al. 2015 Virology 485:252-62
C,125,#332288,125_HA1,,HA1 site 125; antigenic site Sa of Wilson et al. 2015 Virology 485:252-62
C,126,#e8e8e8,126_HA1,,HA1 site 126; not in a defined antigenic site
C,127,#e8e8e8,127_HA1,,HA1 site 127; not in a defined antigenic site
C,128,#e8e8e8,128_HA1,,HA1 site 128; not in a defined antigenic site
C,129,#e8e8e8,129_HA1,,HA1 site 129; not in a defined antigenic site
C,130,#e8e8e8,130_HA1,,HA1 site 130; not in a defined antigenic site
C,131,#e8e8e8,131_HA1,,HA1 site 131; not in a defined antigenic site
C,132,#e8e8e8,132_HA1,,HA1 site 132; not in a defined antigenic site
C,133,#e8e8e8,133_HA1,,HA1 site 133; not in a defined antigenic site
C,134,#e8e8e8,134_HA1,,HA1 site 134; not in a defined antigenic site
C,135,#e8e8e8,135_HA1,,HA1 site 135; not in a defined antigenic site
C,136,#e8e8e8,136_HA1,,HA1 site 136; not in a defined antigenic site
C,137,#AA4499,137_HA1,,HA1 site 137; antigenic site Ca2 of Wilson et al. 2015 Virology 485:252-62
C,138,#AA4499,138_HA1,,HA1 site 138; antigenic site Ca2 of Wilson et al. 2015 Virology 485:252-62
C,139,#AA4499,139_HA1,,HA1 site 139; antigenic site Ca2 of Wilson et al. 2015 Virology 485:252-62
C,140,#AA4499,140_HA1,,HA1 site 140; antigenic site Ca2 of Wilson et al. 2015 Virology 485:252-62
C,141,#AA4499,141_HA1,,HA1 site 141; antigenic site Ca2 of Wilson et al. 2015 Virology 485:252-62
C,142,#AA4499,142_HA1,,HA1 site 142; antigenic site Ca2 of Wilson et al. 2015 Virology 485:252-62
C,143,#e8e8e8,143_HA1,,HA1 site 143; not in a defined antigenic site
C,144,#e8e8e8,144_HA1,,HA1 site 144; not in a defined antigenic site
C,145,#e8e8e8,145_HA1,,HA1 site 145; not in a defined antigenic site
C,146,#e8e8e8,146_HA1,,HA1 site 146; not in a defined antigenic site
C,147,#e8e8e8,147_HA1,,HA1 site 147; not in a defined antigenic site
C,148,#e8e8e8,148_HA1,,HA1 site 148; not in a defined antigenic site
C,149,#e8e8e8,149_HA1,,HA1 site 149; not in a defined antigenic site
C,150,#e8e8e8,150_HA1,,HA1 site 150; not in a defined antigenic site
C,151,#e8e8e8,151_HA1,,HA1 site 151; not in a defined antigenic site
C,152,#e8e8e8,152_HA1,,HA1 site 152; not in a defined antigenic site
C,153,#332288,153_HA1,,HA1 site 153; antigenic site Sa of Wilson et al. 2015 Virology 485:252-62
C,154,#332288,154_HA1,,HA1 site 154; antigenic site Sa of Wilson et al. 2015 Virology 485:252-62
C,155,#332288,155_HA1,,HA1 site 155; antigenic site Sa of Wilson et al. 2015 Virology 485:252-62
C,156,#332288,156_HA1,,HA1 site 156; antigenic site Sa of Wilson et al. 2015 Virology 485:252-62
C,157,#332288,157_HA1,,HA1 site 157; antigenic site Sa of Wilson et al. 2015 Virology 485:252-62
C,158,#e8e8e8,158_HA1,,HA1 site 158; not in a defined antigenic site
C,159,#332288,159_HA1,,HA1 site 159; antigenic site Sa of Wilson et al. 2015 Virology 485:252-62
C,160,#332288,160_HA1,,HA1 site 160; antigenic site Sa of Wilson et al. 2015 Virology 485:252-62
C,161,#332288,161_HA1,,HA1 site 161; antigenic site Sa of Wilson et al. 2015 Virology 485:252-62
C,162,#332288,162_HA1,,HA1 site 162; antigenic site Sa of Wilson et al. 2015 Virology 485:252-62
C,163,#332288,163_HA1,,HA1 site 163; antigenic site Sa of Wilson et al. 2015 Virology 485:252-62
C,164,#332288,164_HA1,,HA1 site 164; antigenic site Sa of Wilson et al. 2015 Virology 485:252-62
C,165,#e8e8e8,165_HA1,,HA1 site 165; not in a defined antigenic site
C,166,#117733,166_HA1,,HA1 site 166; antigenic site Ca1 of Wilson et al. 2015 Virology 485:252-62
C,167,#117733,167_HA1,,HA1 site 167; antigenic site Ca1 of Wilson et al. 2015 Virology 485:252-62
C,168,#117733,168_HA1,,HA1 site 168; antigenic site Ca1 of Wilson et al. 2015 Virology 485:252-62
C,169,#117733,169_HA1,,HA1 site 169; antigenic site Ca1 of Wilson et al. 2015 Virology 485:252-62
C,170,#117733,170_HA1,,HA1 site 170; antigenic site Ca1 of Wilson et al. 2015 Virology 485:252-62
C,171,#e8e8e8,171_HA1,,HA1 site 171; not in a defined antigenic site
C,172,#e8e8e8,172_HA1,,HA1 site 172; not in a defined antigenic site
C,173,#e8e8e8,173_HA1,,HA1 site 173; not in a defined antigenic site
C,174,#e8e8e8,174_HA1,,HA1 site 174; not in a defined antigenic site
C,175,#e8e8e8,175_HA1,,HA1 site 175; not in a defined antigenic site
C,176,#e8e8e8,176_HA1,,HA1 site 176; not in a defined antigenic site
C,177,#e8e8e8,177_HA1,,HA1 site 177; not in a defined antigenic site
C,178,#e8e8e8,178_HA1,,HA1 site 178; not in a defined antigenic site
C,179,#e8e8e8,179_HA1,,HA1 site 179; not in a defined antigenic site
C,180,#e8e8e8,180_HA1,,HA1 site 180; not in a defined antigenic site
C,181,#e8e8e8,181_HA1,,HA1 site 181; not in a defined antigenic site
C,182,#e8e8e8,182_HA1,,HA1 site 182; not in a defined antigenic site
C,183,#e8e8e8,183_HA1,,HA1 site 183; not in a defined antigenic site
C,184,#88CCEE,184_HA1,,HA1 site 184; antigenic site Sb of Wilson et al. 2015 Virology 485:252-62
C,185,#88CCEE,185_HA1,,HA1 site 185; antigenic site Sb of Wilson et al. 2015 Virology 485:252-62
C,186,#88CCEE,186_HA1,,HA1 site 186; antigenic site Sb of Wilson et al. 2015 Virology 485:252-62
C,187,#88CCEE,187_HA1,,HA1 site 187; antigenic site Sb of Wilson et al. 2015 Virology 485:252-62
C,188,#88CCEE,188_HA1,,HA1 site 188; antigenic site Sb of Wilson et al. 2015 Virology 485:252-62
C,189,#88CCEE,189_HA1,,HA1 site 189; antigenic site Sb of Wilson et al. 2015 Virology 485:252-62
C,190,#88CCEE,190_HA1,,HA1 site 190; antigenic site Sb of Wilson et al. 2015 Virology 485:252-62
C,191,#88CCEE,191_HA1,,HA1 site 191; antigenic site Sb of Wilson et al. 2015 Virology 485:252-62
C,192,#88CCEE,192_HA1,,HA1 site 192; antigenic site Sb of Wilson et al. 2015 Virology 485:252-62
C,193,#88CCEE,193_HA1,,HA1 site 193; antigenic site Sb of Wilson et al. 2015 Virology 485:252-62
C,194,#88CCEE,194_HA1,,HA1 site 194; antigenic site Sb of Wilson et al. 2015 Virology 485:252-62
C,195,#88CCEE,195_HA1,,HA1 site 195; antigenic site Sb of Wilson et al. 2015 Virology 485:252-62
C,196,#e8e8e8,196_HA1,,HA1 site 196; not in a defined antigenic site
C,197,#e8e8e8,197_HA1,,HA1 site 197; not in a defined antigenic site
C,198,#e8e8e8,198_HA1,,HA1 site 198; not in a defined antigenic site
C,199,#e8e8e8,199_HA1,,HA1 site 199; not in a defined antigenic site
C,200,#e8e8e8,200_HA1,,HA1 site 200; not in a defined antigenic site
C,201,#e8e8e8,201_HA1,,HA1 site 201; not in a defined antigenic site
C,202,#e8e8e8,202_HA1,,HA1 site 202; not in a defined antigenic site
C,203,#117733,203_HA1,,HA1 site 203; antigenic site Ca1 of Wilson et al. 2015 Virology 485:252-62
C,204,#117733,204_HA1,,HA1 site 204; antigenic site Ca1 of Wilson et al. 2015 Virology 485:252-62
C,205,#117733,205_HA1,,HA1 site 205; antigenic site Ca1 of Wilson et al. 2015 Virology 485:252-62
C,206,#e8e8e8,206_HA1,,HA1 site 206; not in a defined antigenic site
C,207,#e8e8e8,207_HA1,,HA1 site 207; not in a defined antigenic site
C,208,#e8e8e8,208_HA1,,HA1 site 208; not in a defined antigenic site
C,209,#e8e8e8,209_HA1,,HA1 site 209; not in a defined antigenic site
C,210,#e8e8e8,210_HA1,,HA1 site 210; not in a defined antigenic site
C,211,#e8e8e8,211_HA1,,HA1 site 211; not in a defined antigenic site
C,212,#e8e8e8,212_HA1,,HA1 site 212; not in a defined antigenic site
C,213,#e8e8e8,213_HA1,,HA1 site 213; not in a defined antigenic site
C,214,#e8e8e8,214_HA1,,HA1 site 214; not in a defined antigenic site
C,215,#e8e8e8,215_HA1,,HA1 site 215; not in a defined antigenic site
C,216,#e8e8e8,216_HA1,,HA1 site 216; not in a defined antigenic site
C,217,#e8e8e8,217_HA1,,HA1 site 217; not in a defined antigenic site
C,218,#e8e8e8,218_HA1,,HA1 site 218; not in a defined antigenic site
C,219,#e8e8e8,219_HA1,,HA1 site 219; not in a defined antigenic site
C,220,#e8e8e8,220_HA1,,HA1 site 220; not in a defined antigenic site
C,221,#AA4499,221_HA1,,HA1 site 221; antigenic site Ca2 of Wilson et al. 2015 Virology 485:252-62
C,222,#AA4499,222_HA1,,HA1 site 222; antigenic site Ca2 of Wilson et al. 2015 Virology 485:252-62
C,223,#e8e8e8,223_HA1,,HA1 site 223; not in a defined antigenic site
C,224,#e8e8e8,224_HA1,,HA1 site 224; not in a defined antigenic site
C,225,#e8e8e8,225_HA1,,HA1 site 225; not in a defined antigenic site
C,226,#e8e8e8,226_HA1,,HA1 site 226; not in a defined antigenic site
C,227,#e8e8e8,227_HA1,,HA1 site 227; not in a defined antigenic site
C,228,#e8e8e8,228_HA1,,HA1 site 228; not in a defined antigenic site
C,229,#e8e8e8,229_HA1,,HA1 site 229; not in a defined antigenic site
C,230,#e8e8e8,230_HA1,,HA1 site 230; not in a defined antigenic site
C,231,#e8e8e8,231_HA1,,HA1 site 231; not in a defined antigenic site
C,232,#e8e8e8,232_HA1,,HA1 site 232; not in a defined antigenic site
C,233,#e8e8e8,233_HA1,,HA1 site 233; not in a defined antigenic site
C,234,#e8e8e8,234_HA1,,HA1 site 234; not in a defined antigenic site
C,235,#117733,235_HA1,,HA1 site 235; antigenic site Ca1 of Wilson et al. 2015 Virology 485:252-62
C,236,#117733,236_HA1,,HA1 site 236; antigenic site Ca1 of Wilson et al. 2015 Virology 485:252-62
C,237,#117733,237_HA1,,HA1 site 237; antigenic site Ca1 of Wilson et al. 2015 Virology 485:252-62
C,238,#e8e8e8,238_HA1,,HA1 site 238; not in a defined antigenic site
C,239,#e8e8e8,239_HA1,,HA1 site 239; not in a defined antigenic site
C,240,#e8e8e8,240_HA1,,HA1 site 240; not in a defined antigenic site
C,241,#e8e8e8,241_HA1,,HA1 site 241; not in a defined antigenic site
C,242,#e8e8e8,242_HA1,,HA1 site 242; not in a defined antigenic site
C,243,#e8e8e8,243_HA1,,HA1 site 243; not in a defined antigenic site
C,244,#e8e8e8,244_HA1,,HA1 site 244; not in a defined antigenic site
C,245,#e8e8e8,245_HA1,,HA1 site 245; not in a defined antigenic site
C,246,#e8e8e8,246_HA1,,HA1 site 246; not in a defined antigenic site
C,247,#e8e8e8,247_HA1,,HA1 site 247; not in a defined antigenic site
C,248,#e8e8e8,248_HA1,,HA1 site 248; not in a defined antigenic site
C,249,#e8e8e8,249_HA1,,HA1 site 249; not in a defined antigenic site
C,250,#e8e8e8,250_HA1,,HA1 site 250; not in a defined antigenic site
C,251,#e8e8e8,251_HA1,,HA1 site 251; not in a defined antigenic site
C,252,#e8e8e8,252_HA1,,HA1 site 252; not in a defined antigenic site
C,253,#e8e8e8,253_HA1,,HA1 site 253; not in a defined antigenic site
C,254,#e8e8e8,254_HA1,,HA1 site 254; not in a defined antigenic site
C,255,#e8e8e8,255_HA1,,HA1 site 255; not in a defined antigenic site
C,256,#e8e8e8,256_HA1,,HA1 site 256; not in a defined antigenic site
C,257,#e8e8e8,257_HA1,,HA1 site 257; not in a defined antigenic site
C,258,#e8e8e8,258_HA1,,HA1 site 258; not in a defined antigenic site
C,259,#e8e8e8,259_HA1,,HA1 site 259; not in a defined antigenic site
C,260,#e8e8e8,260_HA1,,HA1 site 260; not in a defined antigenic site
C,261,#e8e8e8,261_HA1,,HA1 site 261; not in a defined antigenic site
C,262,#e8e8e8,262_HA1,,HA1 site 262; not in a defined antigenic site
C,263,#e8e8e8,263_HA1,,HA1 site 263; not in a defined antigenic site
C,264,#e8e8e8,264_HA1,,HA1 site 264; not in a defined antigenic site
C,265,#e8e8e8,265_HA1,,HA1 site 265; not in a defined antigenic site
C,266,#e8e8e8,266_HA1,,HA1 site 266; not in a defined antigenic site
C,267,#e8e8e8,267_HA1,,HA1 site 267; not in a defined antigenic site
C,268,#e8e8e8,268_HA1,,HA1 site 268; not in a defined antigenic site
C,269,#e8e8e8,269_HA1,,HA1 site 269; not in a defined antigenic site
C,270,#e8e8e8,270_HA1,,HA1 site 270; not in a defined antigenic site
C,271,#e8e8e8,271_HA1,,HA1 site 271; not in a defined antigenic site
C,272,#e8e8e8,272_HA1,,HA1 site 272; not in a defined antigenic site
C,273,#e8e8e8,273_HA1,,HA1 site 273; not in a defined antigenic site
C,274,#e8e8e8,274_HA1,,HA1 site 274; not in a defined antigenic site
C,275,#e8e8e8,275_HA1,,HA1 site 275; not in a defined antigenic site
C,276,#e8e8e8,276_HA1,,HA1 site 276; not in a defined antigenic site
C,277,#e8e8e8,277_HA1,,HA1 site 277; not in a defined antigenic site
C,278,#e8e8e8,278_HA1,,HA1 site 278; not in a defined antigenic site
C,279,#e8e8e8,279_HA1,,HA1 site 279; not in a defined antigenic site
C,280,#e8e8e8,280_HA1,,HA1 site 280; not in a defined antigenic site
C,281,#e8e8e8,281_HA1,,HA1 site 281; not in a defined antigenic site
C,282,#e8e8e8,282_HA1,,HA1 site 282; not in a defined antigenic site
C,283,#e8e8e8,283_HA1,,HA1 site 283; not in a defined antigenic site
C,284,#e8e8e8,284_HA1,,HA1 site 284; not in a defined antigenic site
C,285,#e8e8e8,285_HA1,,HA1 site 285; not in a defined antigenic site
C,286,#e8e8e8,286_HA1,,HA1 site 286; not in a defined antigenic site
C,287,#e8e8e8,287_HA1,,HA1 site 287; not in a defined antigenic site
C,288,#e8e8e8,288_HA1,,HA1 site 288; not in a defined antigenic site
C,289,#e8e8e8,289_HA1,,HA1 site 289; not in a defined antigenic site
C,290,#e8e8e8,290_HA1,,HA1 site 290; not in a defined antigenic site
C,291,#e8e8e8,291_HA1,,HA1 site 291; not in a defined antigenic site
C,292,#e8e8e8,292_HA1,,HA1 site 292; not in a defined antigenic site
C,293,#e8e8e8,293_HA1,,HA1 site 293; not in a defined antigenic site
C,294,#e8e8e8,294_HA1,,HA1 site 294; not in a defined antigenic site
C,295,#e8e8e8,295_HA1,,HA1 site 295; not in a defined antigenic site
C,296,#e8e8e8,296_HA1,,HA1 site 296; not in a defined antigenic site
C,297,#e8e8e8,297_HA1,,HA1 site 297; not in a defined antigenic site
C,298,#e8e8e8,298_HA1,,HA1 site 298; not in a defined antigenic site
C,299,#e8e8e8,299_HA1,,HA1 site 299; not in a defined antigenic site
C,300,#e8e8e8,300_HA1,,HA1 site 300; not in a defined antigenic site
C,301,#e8e8e8,301_HA1,,HA1 site 301; not in a defined antigenic site
C,302,#e8e8e8,302_HA1,,HA1 site 302; not in a defined antigenic site
C,303,#e8e8e8,303_HA1,,HA1 site 303; not in a defined antigenic site
C,304,#e8e8e8,304_HA1,,HA1 site 304; not in a defined antigenic site
C,305,#e8e8e8,305_HA1,,HA1 site 305; not in a defined antigenic site
C,306,#e8e8e8,306_HA1,,HA1 site 306; not in a defined antigenic site
C,307,#e8e8e8,307_HA1,,HA1 site 307; not in a defined antigenic site
C,308,#e8e8e8,308_HA1,,HA1 site 308; not in a defined antigenic site
C,309,#e8e8e8,309_HA1,,HA1 site 309; not in a defined antigenic site
C,310,#e8e8e8,310_HA1,,HA1 site 310; not in a defined antigenic site
C,311,#e8e8e8,311_HA1,,HA1 site 311; not in a defined antigenic site
C,312,#e8e8e8,312_HA1,,HA1 site 312; not in a defined antigenic site
C,313,#e8e8e8,313_HA1,,HA1 site 313; not in a defined antigenic site
C,314,#e8e8e8,314_HA1,,HA1 site 314; not in a defined antigenic site
C,315,#e8e8e8,315_HA1,,HA1 site 315; not in a defined antigenic site
C,316,#e8e8e8,316_HA1,,HA1 site 316; not in a defined antigenic site
C,317,#e8e8e8,317_HA1,,HA1 site 317; not in a defined antigenic site
C,318,#e8e8e8,318_HA1,,HA1 site 318; not in a defined antigenic site
C,319,#e8e8e8,319_HA1,,HA1 site 319; not in a defined antigenic site
C,320,#e8e8e8,320_HA1,,HA1 site 320; not in a defined antigenic site
C,321,#e8e8e8,321_HA1,,HA1 site 321; not in a defined antigenic site
C,322,#e8e8e8,322_HA1,,HA1 site 322; not in a defined antigenic site
C,323,#e8e8e8,323_HA1,,HA1 site 323; not in a defined antigenic site
C,334,#bdbdbd,7_HA2,,HA2 site 7; not in a defined antigenic site
C,335,#bdbdbd,8_HA2,,HA2 site 8; not in a defined antigenic site
C,336,#bdbdbd,9_HA2,,HA2 site 9; not in a defined antigenic site
C,337,#bdbdbd,10_HA2,,HA2 site 10; not in a defined antigenic site
C,338,#bdbdbd,11_HA2,,HA2 site 11; not in a defined antigenic site
C,339,#bdbdbd,12_HA2,,HA2 site 12; not in a defined antigenic site
C,340,#bdbdbd,13_HA2,,HA2 site 13; not in a defined antigenic site
C,341,#bdbdbd,14_HA2,,HA2 site 14; not in a defined antigenic site
C,342,#bdbdbd,15_HA2,,HA2 site 15; not in a defined antigenic site
C,343,#bdbdbd,16_HA2,,HA2 site 16; not in a defined antigenic site
C,344,#bdbdbd,17_HA2,,HA2 site 17; not in a defined antigenic site
C,345,#bdbdbd,18_HA2,,HA2 site 18; not in a defined antigenic site
C,346,#bdbdbd,19_HA2,,HA2 site 19; not in a defined antigenic site
C,347,#bdbdbd,20_HA2,,HA2 site 20; not in a defined antigenic site
C,348,#bdbdbd,21_HA2,,HA2 site 21; not in a defined antigenic site
C,349,#bdbdbd,22_HA2,,HA2 site 22; not in a defined antigenic site
C,350,#bdbdbd,23_HA2,,HA2 site 23; not in a defined antigenic site
C,351,#bdbdbd,24_HA2,,HA2 site 24; not in a defined antigenic site
C,352,#bdbdbd,25_HA2,,HA2 site 25; not in a defined antigenic site
C,353,#bdbdbd,26_HA2,,HA2 site 26; not in a defined antigenic site
C,354,#bdbdbd,27_HA2,,HA2 site 27; not in a defined antigenic site
C,355,#bdbdbd,28_HA2,,HA2 site 28; not in a defined antigenic site
C,356,#bdbdbd,29_HA2,,HA2 site 29; not in a defined antigenic site
C,357,#bdbdbd,30_HA2,,HA2 site 30; not in a defined antigenic site
C,358,#bdbdbd,31_HA2,,HA2 site 31; not in a defined antigenic site
C,359,#bdbdbd,32_HA2,,HA2 site 32; not in a defined antigenic site
C,360,#bdbdbd,33_HA2,,HA2 site 33; not in a defined antigenic site
C,361,#bdbdbd,34_HA2,,HA2 site 34; not in a defined antigenic site
C,362,#bdbdbd,35_HA2,,HA2 site 35; not in a defined antigenic site
C,363,#bdbdbd,36_HA2,,HA2 site 36; not in a defined antigenic site
C,364,#bdbdbd,37_HA2,,HA2 site 37; not in a defined antigenic site
C,365,#bdbdbd,38_HA2,,HA2 site 38; not in a defined antigenic site
C,366,#bdbdbd,39_HA2,,HA2 site 39; not in a defined antigenic site
C,367,#bdbdbd,40_HA2,,HA2 site 40; not in a defined antigenic site
C,368,#bdbdbd,41_HA2,,HA2 site 41; not in a defined antigenic site
C,369,#bdbdbd,42_HA2,,HA2 site 42; not in a defined antigenic site
C,370,#bdbdbd,43_HA2,,HA2 site 43; not in a defined antigenic site
C,371,#bdbdbd,44_HA2,,HA2 site 44; not in a defined antigenic site
C,372,#bdbdbd,45_HA2,,HA2 site 45; not in a defined antigenic site
C,373,#bdbdbd,46_HA2,,HA2 site 46; not in a defined antigenic site
C,374,#bdbdbd,47_HA2,,HA2 site 47; not in a defined antigenic site
C,375,#bdbdbd,48_HA2,,HA2 site 48; not in a defined antigenic site
C,376,#bdbdbd,49_HA2,,HA2 site 49; not in a defined antigenic site
C,377,#bdbdbd,50_HA2,,HA2 site 50; not in a defined antigenic site
C,378,#bdbdbd,51_HA2,,HA2 site 51; not in a defined antigenic site
C,379,#bdbdbd,52_HA2,,HA2 site 52; not in a defined antigenic site
C,380,#bdbdbd,53_HA2,,HA2 site 53; not in a defined antigenic site
C,381,#bdbdbd,54_HA2,,HA2 site 54; not in a defined antigenic site
C,382,#bdbdbd,55_HA2,,HA2 site 55; not in a defined antigenic site
C,383,#bdbdbd,56_HA2,,HA2 site 56; not in a defined antigenic site
C,384,#bdbdbd,57_HA2,,HA2 site 57; not in a defined antigenic site
C,385,#bdbdbd,58_HA2,,HA2 site 58; not in a defined antigenic site
C,386,#bdbdbd,59_HA2,,HA2 site 59; not in a defined antigenic site
C,387,#bdbdbd,60_HA2,,HA2 site 60; not in a defined antigenic site
C,388,#bdbdbd,61_HA2,,HA2 site 61; not in a defined antigenic site
C,389,#bdbdbd,62_HA2,,HA2 site 62; not in a defined antigenic site
C,390,#bdbdbd,63_HA2,,HA2 site 63; not in a defined antigenic site
C,391,#bdbdbd,64_HA2,,HA2 site 64; not in a defined antigenic site
C,392,#bdbdbd,65_HA2,,HA2 site 65; not in a defined antigenic site
C,393,#bdbdbd,66_HA2,,HA2 site 66; not in a defined antigenic site
C,394,#bdbdbd,67_HA2,,HA2 site 67; not in a defined antigenic site
C,395,#bdbdbd,68_HA2,,HA2 site 68; not in a defined antigenic site
C,396,#bdbdbd,69_HA2,,HA2 site 69; not in a defined antigenic site
C,397,#bdbdbd,70_HA2,,HA2 site 70; not in a defined antigenic site
C,398,#bdbdbd,71_HA2,,HA2 site 71; not in a defined antigenic site
C,399,#bdbdbd,72_HA2,,HA2 site 72; not in a defined antigenic site
C,400,#bdbdbd,73_HA2,,HA2 site 73; not in a defined antigenic site
C,401,#bdbdbd,74_HA2,,HA2 site 74; not in a defined antigenic site
C,402,#bdbdbd,75_HA2,,HA2 site 75; not in a defined antigenic site
C,403,#bdbdbd,76_HA2,,HA2 site 76; not in a defined antigenic site
C,404,#bdbdbd,77_HA2,,HA2 site 77; not in a defined antigenic site
C,405,#bdbdbd,78_HA2,,HA2 site 78; not in a defined antigenic site
C,406,#bdbdbd,79_HA2,,HA2 site 79; not in a defined antigenic site
C,407,#bdbdbd,80_HA2,,HA2 site 80; not in a defined antigenic site
C,408,#bdbdbd,81_HA2,,HA2 site 81; not in a defined antigenic site
C,409,#bdbdbd,82_HA2,,HA2 site 82; not in a defined antigenic site
C,410,#bdbdbd,83_HA2,,HA2 site 83; not in a defined antigenic site
C,411,#bdbdbd,84_HA2,,HA2 site 84; not in a defined antigenic site
C,412,#bdbdbd,85_HA2,,HA2 site 85; not in a defined antigenic site
C,413,#bdbdbd,86_HA2,,HA2 site 86; not in a defined antigenic site
C,414,#bdbdbd,87_HA2,,HA2 site 87; not in a defined antigenic site
C,415,#bdbdbd,88_HA2,,HA2 site 88; not in a defined antigenic site
C,416,#bdbdbd,89_HA2,,HA2 site 89; not in a defined antigenic site
C,417,#bdbdbd,90_HA2,,HA2 site 90; not in a defined antigenic site
C,418,#bdbdbd,91_HA2,,HA2 site 91; not in a defined antigenic site
C,419,#bdbdbd,92_HA2,,HA2 site 92; not in a defined antigenic site
C,420,#bdbdbd,93_HA2,,HA2 site 93; not in a defined antigenic site
C,421,#bdbdbd,94_HA2,,HA2 site 94; not in a defined antigenic site
C,422,#bdbdbd,95_HA2,,HA2 site 95; not in a defined antigenic site
C,423,#bdbdbd,96_HA2,,HA2 site 96; not in a defined antigenic site
C,424,#bdbdbd,97_HA2,,HA2 site 97; not in a defined antigenic site
C,425,#bdbdbd,98_HA2,,HA2 site 98; not in a defined antigenic site
C,426,#bdbdbd,99_HA2,,HA2 site 99; not in a defined antigenic site
C,427,#bdbdbd,100_HA2,,HA2 site 100; not in a defined antigenic site
C,428,#bdbdbd,101_HA2,,HA2 site 101; not in a defined antigenic site
C,429,#bdbdbd,102_HA2,,HA2 site 102; not in a defined antigenic site
C,430,#bdbdbd,103_HA2,,HA2 site 103; not in a defined antigenic site
C,431,#bdbdbd,104_HA2,,HA2 site 104; not in a defined antigenic site
C,432,#bdbdbd,105_HA2,,HA2 site 105; not in a defined antigenic site
C,433,#bdbdbd,106_HA2,,HA2 site 106; not in a defined antigenic site
C,434,#bdbdbd,107_HA2,,HA2 site 107; not in a defined antigenic site
C,435,#bdbdbd,108_HA2,,HA2 site 108; not in a defined antigenic site
C,436,#bdbdbd,109_HA2,,HA2 site 109; not in a defined antigenic site
C,437,#bdbdbd,110_HA2,,HA2 site 110; not in a defined antigenic site
C,438,#bdbdbd,111_HA2,,HA2 site 111; not in a defined antigenic site
C,439,#bdbdbd,112_HA2,,HA2 site 112; not in a defined antigenic site
C,440,#bdbdbd,113_HA2,,HA2 site 113; not in a defined antigenic site
C,441,#bdbdbd,114_HA2,,HA2 site 114; not in a defined antigenic site
C,442,#bdbdbd,115_HA2,,HA2 site 115; not in a defined antigenic site
C,443,#bdbdbd,116_HA2,,HA2 site 116; not in a defined antigenic site
C,444,#bdbdbd,117_HA2,,HA2 site 117; not in a defined antigenic site
C,445,#bdbdbd,118_HA2,,HA2 site 118; not in a defined antigenic site
C,446,#bdbdbd,119_HA2,,HA2 site 119; not in a defined antigenic site
C,447,#bdbdbd,120_HA2,,HA2 site 120; not in a defined antigenic site
C,448,#bdbdbd,121_HA2,,HA2 site 121; not in a defined antigenic site
C,449,#bdbdbd,122_HA2,,HA2 site 122; not in a defined antigenic site
C,450,#bdbdbd,123_HA2,,HA2 site 123; not in a defined antigenic site
C,451,#bdbdbd,124_HA2,,HA2 site 124; not in a defined antigenic site
C,452,#bdbdbd,125_HA2,,HA2 site 125; not in a defined antigenic site
C,453,#bdbdbd,126_HA2,,HA2 site 126; not in a defined antigenic site
C,454,#bdbdbd,127_HA2,,HA2 site 127; not in a defined antigenic site
C,455,#bdbdbd,128_HA2,,HA2 site 128; not in a defined antigenic site
C,456,#bdbdbd,129_HA2,,HA2 site 129; not in a defined antigenic site
C,457,#bdbdbd,130_HA2,,HA2 site 130; not in a defined antigenic site
C,458,#bdbdbd,131_HA2,,HA2 site 131; not in a defined antigenic site
C,459,#bdbdbd,132_HA2,,HA2 site 132; not in a defined antigenic site
C,460,#bdbdbd,133_HA2,,HA2 site 133; not in a defined antigenic site
C,461,#bdbdbd,134_HA2,,HA2 site 134; not in a defined antigenic site
C,462,#bdbdbd,135_HA2,,HA2 site 135; not in a defined antigenic site
C,463,#bdbdbd,136_HA2,,HA2 site 136; not in a defined antigenic site
C,464,#bdbdbd,137_HA2,,HA2 site 137; not in a defined antigenic site
C,465,#bdbdbd,138_HA2,,HA2 site 138; not in a defined antigenic site
C,466,#bdbdbd,139_HA2,,HA2 site 139; not in a defined antigenic site
C,467,#bdbdbd,140_HA2,,HA2 site 140; not in a defined antigenic site
C,468,#bdbdbd,141_HA2,,HA2 site 141; not in a defined antigenic site
C,469,#bdbdbd,142_HA2,,HA2 site 142; not in a defined antigenic site
C,470,#bdbdbd,143_HA2,,HA2 site 143; not in a defined antigenic site
C,471,#bdbdbd,144_HA2,,HA2 site 144; not in a defined antigenic site
C,472,#bdbdbd,145_HA2,,HA2 site 145; not in a defined antigenic site
C,473,#bdbdbd,146_HA2,,HA2 site 146; not in a defined antigenic site
C,474,#bdbdbd,147_HA2,,HA2 site 147; not in a defined antigenic site
C,475,#bdbdbd,148_HA2,,HA2 site 148; not in a defined antigenic site
C,476,#bdbdbd,149_HA2,,HA2 site 149; not in a defined antigenic site
C,477,#bdbdbd,150_HA2,,HA2 site 150; not in a defined antigenic site
C,478,#bdbdbd,151_HA2,,HA2 site 151; not in a defined antigenic site
C,479,#bdbdbd,152_HA2,,HA2 site 152; not in a defined antigenic site
C,480,#bdbdbd,153_HA2,,HA2 site 153; not in a defined antigenic site
C,481,#bdbdbd,154_HA2,,HA2 site 154; not in a defined antigenic site
C,482,#bdbdbd,155_HA2,,HA2 site 155; not in a defined antigenic site
C,483,#bdbdbd,156_HA2,,HA2 site 156; not in a defined antigenic site
C,484,#bdbdbd,157_HA2,,HA2 site 157; not in a defined antigenic site
C,485,#bdbdbd,158_HA2,,HA2 site 158; not in a defined antigenic site
C,486,#bdbdbd,159_HA2,,HA2 site 159; not in a defined antigenic site
C,487,#bdbdbd,160_HA2,,HA2 site 160; not in a defined antigenic site
C,488,#bdbdbd,161_HA2,,HA2 site 161; not in a defined antigenic site
C,489,#bdbdbd,162_HA2,,HA2 site 162; not in a defined antigenic site
C,490,#bdbdbd,163_HA2,,HA2 site 163; not in a defined antigenic site
C,491,#bdbdbd,164_HA2,,HA2 site 164; not in a defined antigenic site
C,492,#bdbdbd,165_HA2,,HA2 site 165; not in a defined antigenic site
C,493,#bdbdbd,166_HA2,,HA2 site 166; not in a defined antigenic site
C,494,#bdbdbd,167_HA2,,HA2 site 167; not in a defined antigenic site
C,495,#bdbdbd,168_HA2,,HA2 site 168; not in a defined antigenic site
C,496,#bdbdbd,169_HA2,,HA2 site 169; not in a defined antigenic site
C,497,#bdbdbd,170_HA2,,HA2 site 170; not in a defined antigenic site
C,498,#bdbdbd,171_HA2,,HA2 site 171; not in a defined antigenic site
